2026-05-20 09:13:02,878 [INFO] main: Chapter range configured: Chapters 15 to 15
2026-05-20 09:13:02,878 [DEBUG] rocky_extractor.cache: Initializing SQLite cache at .rocky_cache.db
2026-05-20 09:13:02,880 [INFO] rocky_extractor.ollama_client: Verifying availability of Ollama model 'qwen3:8b'...
2026-05-20 09:13:02,881 [DEBUG] httpcore.connection: connect_tcp.started host='127.0.0.1' port=11434 local_address=None timeout=None socket_options=None
2026-05-20 09:13:02,881 [DEBUG] httpcore.connection: connect_tcp.complete return_value=<httpcore._backends.sync.SyncStream object at 0x7f8a13a61d30>
2026-05-20 09:13:02,882 [DEBUG] httpcore.http11: send_request_headers.started request=<Request [b'GET']>
2026-05-20 09:13:02,882 [DEBUG] httpcore.http11: send_request_headers.complete
2026-05-20 09:13:02,882 [DEBUG] httpcore.http11: send_request_body.started request=<Request [b'GET']>
2026-05-20 09:13:02,882 [DEBUG] httpcore.http11: send_request_body.complete
2026-05-20 09:13:02,882 [DEBUG] httpcore.http11: receive_response_headers.started request=<Request [b'GET']>
2026-05-20 09:13:02,882 [DEBUG] httpcore.http11: receive_response_headers.complete return_value=(b'HTTP/1.1', 200, b'OK', [(b'Content-Type', b'application/json; charset=utf-8'), (b'Date', b'Wed, 20 May 2026 03:43:02 GMT'), (b'Content-Length', b'1385')])
2026-05-20 09:13:02,883 [INFO] httpx: HTTP Request: GET http://127.0.0.1:11434/api/tags "HTTP/1.1 200 OK"
2026-05-20 09:13:02,883 [DEBUG] httpcore.http11: receive_response_body.started request=<Request [b'GET']>
2026-05-20 09:13:02,883 [DEBUG] httpcore.http11: receive_response_body.complete
2026-05-20 09:13:02,883 [DEBUG] httpcore.http11: response_closed.started
2026-05-20 09:13:02,883 [DEBUG] httpcore.http11: response_closed.complete
2026-05-20 09:13:02,883 [INFO] rocky_extractor.ollama_client: Model 'qwen3:8b' is available.
2026-05-20 09:13:02,883 [INFO] rocky_extractor.pipeline: Starting Project Hail Mary Extraction Pipeline...
2026-05-20 09:13:02,883 [INFO] rocky_extractor.epub_parser: Opening EPUB file: Project Hail Mary - Andy Weir.epub
2026-05-20 09:13:02,934 [INFO] rocky_extractor.epub_parser: Found 30 story chapters (Chapters 1 to 30)
2026-05-20 09:13:02,942 [DEBUG] rocky_extractor.epub_parser: Parsed Chapter 1 with 247 paragraphs
2026-05-20 09:13:02,946 [DEBUG] rocky_extractor.epub_parser: Parsed Chapter 2 with 185 paragraphs
2026-05-20 09:13:02,953 [DEBUG] rocky_extractor.epub_parser: Parsed Chapter 3 with 272 paragraphs
2026-05-20 09:13:02,959 [DEBUG] rocky_extractor.epub_parser: Parsed Chapter 4 with 260 paragraphs
2026-05-20 09:13:02,966 [DEBUG] rocky_extractor.epub_parser: Parsed Chapter 5 with 329 paragraphs
2026-05-20 09:13:02,975 [DEBUG] rocky_extractor.epub_parser: Parsed Chapter 6 with 232 paragraphs
2026-05-20 09:13:02,980 [DEBUG] rocky_extractor.epub_parser: Parsed Chapter 7 with 156 paragraphs
2026-05-20 09:13:02,985 [DEBUG] rocky_extractor.epub_parser: Parsed Chapter 8 with 209 paragraphs
2026-05-20 09:13:02,989 [DEBUG] rocky_extractor.epub_parser: Parsed Chapter 9 with 171 paragraphs
2026-05-20 09:13:02,995 [DEBUG] rocky_extractor.epub_parser: Parsed Chapter 10 with 184 paragraphs
2026-05-20 09:13:02,998 [DEBUG] rocky_extractor.epub_parser: Parsed Chapter 11 with 143 paragraphs
2026-05-20 09:13:03,005 [DEBUG] rocky_extractor.epub_parser: Parsed Chapter 12 with 253 paragraphs
2026-05-20 09:13:03,012 [DEBUG] rocky_extractor.epub_parser: Parsed Chapter 13 with 249 paragraphs
2026-05-20 09:13:03,019 [DEBUG] rocky_extractor.epub_parser: Parsed Chapter 14 with 241 paragraphs
2026-05-20 09:13:03,024 [DEBUG] rocky_extractor.epub_parser: Parsed Chapter 15 with 180 paragraphs
2026-05-20 09:13:03,029 [DEBUG] rocky_extractor.epub_parser: Parsed Chapter 16 with 211 paragraphs
2026-05-20 09:13:03,036 [DEBUG] rocky_extractor.epub_parser: Parsed Chapter 17 with 219 paragraphs
2026-05-20 09:13:03,042 [DEBUG] rocky_extractor.epub_parser: Parsed Chapter 18 with 217 paragraphs
2026-05-20 09:13:03,048 [DEBUG] rocky_extractor.epub_parser: Parsed Chapter 19 with 247 paragraphs
2026-05-20 09:13:03,053 [DEBUG] rocky_extractor.epub_parser: Parsed Chapter 20 with 181 paragraphs
2026-05-20 09:13:03,061 [DEBUG] rocky_extractor.epub_parser: Parsed Chapter 21 with 290 paragraphs
2026-05-20 09:13:03,068 [DEBUG] rocky_extractor.epub_parser: Parsed Chapter 22 with 276 paragraphs
2026-05-20 09:13:03,073 [DEBUG] rocky_extractor.epub_parser: Parsed Chapter 23 with 146 paragraphs
2026-05-20 09:13:03,080 [DEBUG] rocky_extractor.epub_parser: Parsed Chapter 24 with 206 paragraphs
2026-05-20 09:13:03,088 [DEBUG] rocky_extractor.epub_parser: Parsed Chapter 25 with 268 paragraphs
2026-05-20 09:13:03,091 [DEBUG] rocky_extractor.epub_parser: Parsed Chapter 26 with 92 paragraphs
2026-05-20 09:13:03,092 [DEBUG] rocky_extractor.epub_parser: Parsed Chapter 27 with 49 paragraphs
2026-05-20 09:13:03,095 [DEBUG] rocky_extractor.epub_parser: Parsed Chapter 28 with 103 paragraphs
2026-05-20 09:13:03,101 [DEBUG] rocky_extractor.epub_parser: Parsed Chapter 29 with 226 paragraphs
2026-05-20 09:13:03,104 [DEBUG] rocky_extractor.epub_parser: Parsed Chapter 30 with 77 paragraphs
2026-05-20 09:13:03,104 [INFO] rocky_extractor.pipeline: Filtered to chapters 15 through 15 (Total: 1)
2026-05-20 09:13:03,104 [INFO] rocky_extractor.chunker: Chunking Chapter 15 (180 paragraphs)...
2026-05-20 09:13:03,105 [DEBUG] rocky_extractor.chunker: Created chunk <Chunk Chapter 15 (Chunk 1): 2039 words, paras 0-97>
2026-05-20 09:13:03,105 [DEBUG] rocky_extractor.chunker: Created chunk <Chunk Chapter 15 (Chunk 2): 1749 words, paras 91-179>
2026-05-20 09:13:03,105 [INFO] rocky_extractor.chunker: Total chunks created across all chapters: 2
2026-05-20 09:13:03,105 [INFO] rocky_extractor.pipeline: Assembled 2 paragraph-based chunks across target chapters.
2026-05-20 09:13:03,114 [INFO] rocky_extractor.pipeline: 
Processing c15_chunk1 (2039 words)...
2026-05-20 09:13:03,114 [INFO] rocky_extractor.pipeline: Extracting dialogue...
2026-05-20 09:13:03,115 [DEBUG] rocky_extractor.cache: Cache miss for model qwen3:8b
2026-05-20 09:13:03,115 [DEBUG] rocky_extractor.ollama_client: Querying Ollama (Attempt 1/3)...
2026-05-20 09:13:03,115 [DEBUG] httpcore.http11: send_request_headers.started request=<Request [b'POST']>
2026-05-20 09:13:03,116 [DEBUG] httpcore.http11: send_request_headers.complete
2026-05-20 09:13:03,116 [DEBUG] httpcore.http11: send_request_body.started request=<Request [b'POST']>
2026-05-20 09:13:03,116 [DEBUG] httpcore.http11: send_request_body.complete
2026-05-20 09:13:03,116 [DEBUG] httpcore.http11: receive_response_headers.started request=<Request [b'POST']>
2026-05-20 09:14:16,367 [DEBUG] httpcore.http11: receive_response_headers.complete return_value=(b'HTTP/1.1', 200, b'OK', [(b'Content-Type', b'application/json; charset=utf-8'), (b'Date', b'Wed, 20 May 2026 03:44:16 GMT'), (b'Transfer-Encoding', b'chunked')])
2026-05-20 09:14:16,367 [INFO] httpx: HTTP Request: POST http://127.0.0.1:11434/api/chat "HTTP/1.1 200 OK"
2026-05-20 09:14:16,368 [DEBUG] httpcore.http11: receive_response_body.started request=<Request [b'POST']>
2026-05-20 09:14:16,368 [DEBUG] httpcore.http11: receive_response_body.complete
2026-05-20 09:14:16,368 [DEBUG] httpcore.http11: response_closed.started
2026-05-20 09:14:16,368 [DEBUG] httpcore.http11: response_closed.complete
2026-05-20 09:14:16,368 [DEBUG] rocky_extractor.ollama_client: Ollama response received in 73.25s
2026-05-20 09:14:16,368 [WARNING] rocky_extractor.ollama_client: JSON schema validation failed on attempt 1: 1 validation error for DialogueExtractionResult
items.3.scene_context
  Field required [type=missing, input_value={'chapter': 'Chapter 15',... 'grace_response': None}, input_type=dict]
    For further information visit https://errors.pydantic.dev/2.13/v/missing
2026-05-20 09:14:16,368 [INFO] rocky_extractor.ollama_client: Retrying in 2.00 seconds due to error: 1 validation error for DialogueExtractionResult
items.3.scene_context
  Field required [type=missing, input_value={'chapter': 'Chapter 15',... 'grace_response': None}, input_type=dict]
    For further information visit https://errors.pydantic.dev/2.13/v/missing
2026-05-20 09:14:18,368 [DEBUG] rocky_extractor.ollama_client: Querying Ollama (Attempt 2/3)...
2026-05-20 09:14:18,369 [DEBUG] httpcore.http11: send_request_headers.started request=<Request [b'POST']>
2026-05-20 09:14:18,369 [DEBUG] httpcore.http11: send_request_headers.complete
2026-05-20 09:14:18,369 [DEBUG] httpcore.http11: send_request_body.started request=<Request [b'POST']>
2026-05-20 09:14:18,370 [DEBUG] httpcore.http11: send_request_body.complete
2026-05-20 09:14:18,370 [DEBUG] httpcore.http11: receive_response_headers.started request=<Request [b'POST']>
2026-05-20 09:15:02,502 [INFO] main: Chapter range configured: Chapters 15 to 15
2026-05-20 09:15:02,502 [DEBUG] rocky_extractor.cache: Initializing SQLite cache at .rocky_cache.db
2026-05-20 09:15:02,502 [INFO] rocky_extractor.ollama_client: Verifying availability of Ollama model 'qwen3:8b'...
2026-05-20 09:15:02,503 [DEBUG] httpcore.connection: connect_tcp.started host='127.0.0.1' port=11434 local_address=None timeout=None socket_options=None
2026-05-20 09:15:02,504 [DEBUG] httpcore.connection: connect_tcp.complete return_value=<httpcore._backends.sync.SyncStream object at 0x7f271af85d30>
2026-05-20 09:15:02,504 [DEBUG] httpcore.http11: send_request_headers.started request=<Request [b'GET']>
2026-05-20 09:15:02,504 [DEBUG] httpcore.http11: send_request_headers.complete
2026-05-20 09:15:02,504 [DEBUG] httpcore.http11: send_request_body.started request=<Request [b'GET']>
2026-05-20 09:15:02,504 [DEBUG] httpcore.http11: send_request_body.complete
2026-05-20 09:15:02,504 [DEBUG] httpcore.http11: receive_response_headers.started request=<Request [b'GET']>
2026-05-20 09:15:02,505 [DEBUG] httpcore.http11: receive_response_headers.complete return_value=(b'HTTP/1.1', 200, b'OK', [(b'Content-Type', b'application/json; charset=utf-8'), (b'Date', b'Wed, 20 May 2026 03:45:02 GMT'), (b'Content-Length', b'1385')])
2026-05-20 09:15:02,506 [INFO] httpx: HTTP Request: GET http://127.0.0.1:11434/api/tags "HTTP/1.1 200 OK"
2026-05-20 09:15:02,506 [DEBUG] httpcore.http11: receive_response_body.started request=<Request [b'GET']>
2026-05-20 09:15:02,506 [DEBUG] httpcore.http11: receive_response_body.complete
2026-05-20 09:15:02,506 [DEBUG] httpcore.http11: response_closed.started
2026-05-20 09:15:02,506 [DEBUG] httpcore.http11: response_closed.complete
2026-05-20 09:15:02,506 [INFO] rocky_extractor.ollama_client: Model 'qwen3:8b' is available.
2026-05-20 09:15:02,506 [INFO] rocky_extractor.pipeline: Starting Project Hail Mary Extraction Pipeline...
2026-05-20 09:15:02,507 [INFO] rocky_extractor.epub_parser: Opening EPUB file: Project Hail Mary - Andy Weir.epub
2026-05-20 09:15:02,560 [INFO] rocky_extractor.epub_parser: Found 30 story chapters (Chapters 1 to 30)
2026-05-20 09:15:02,568 [DEBUG] rocky_extractor.epub_parser: Parsed Chapter 1 with 247 paragraphs
2026-05-20 09:15:02,573 [DEBUG] rocky_extractor.epub_parser: Parsed Chapter 2 with 185 paragraphs
2026-05-20 09:15:02,579 [DEBUG] rocky_extractor.epub_parser: Parsed Chapter 3 with 272 paragraphs
2026-05-20 09:15:02,586 [DEBUG] rocky_extractor.epub_parser: Parsed Chapter 4 with 260 paragraphs
2026-05-20 09:15:02,594 [DEBUG] rocky_extractor.epub_parser: Parsed Chapter 5 with 329 paragraphs
2026-05-20 09:15:02,602 [DEBUG] rocky_extractor.epub_parser: Parsed Chapter 6 with 232 paragraphs
2026-05-20 09:15:02,607 [DEBUG] rocky_extractor.epub_parser: Parsed Chapter 7 with 156 paragraphs
2026-05-20 09:15:02,612 [DEBUG] rocky_extractor.epub_parser: Parsed Chapter 8 with 209 paragraphs
2026-05-20 09:15:02,616 [DEBUG] rocky_extractor.epub_parser: Parsed Chapter 9 with 171 paragraphs
2026-05-20 09:15:02,622 [DEBUG] rocky_extractor.epub_parser: Parsed Chapter 10 with 184 paragraphs
2026-05-20 09:15:02,626 [DEBUG] rocky_extractor.epub_parser: Parsed Chapter 11 with 143 paragraphs
2026-05-20 09:15:02,633 [DEBUG] rocky_extractor.epub_parser: Parsed Chapter 12 with 253 paragraphs
2026-05-20 09:15:02,640 [DEBUG] rocky_extractor.epub_parser: Parsed Chapter 13 with 249 paragraphs
2026-05-20 09:15:02,647 [DEBUG] rocky_extractor.epub_parser: Parsed Chapter 14 with 241 paragraphs
2026-05-20 09:15:02,652 [DEBUG] rocky_extractor.epub_parser: Parsed Chapter 15 with 180 paragraphs
2026-05-20 09:15:02,657 [DEBUG] rocky_extractor.epub_parser: Parsed Chapter 16 with 211 paragraphs
2026-05-20 09:15:02,664 [DEBUG] rocky_extractor.epub_parser: Parsed Chapter 17 with 219 paragraphs
2026-05-20 09:15:02,670 [DEBUG] rocky_extractor.epub_parser: Parsed Chapter 18 with 217 paragraphs
2026-05-20 09:15:02,677 [DEBUG] rocky_extractor.epub_parser: Parsed Chapter 19 with 247 paragraphs
2026-05-20 09:15:02,682 [DEBUG] rocky_extractor.epub_parser: Parsed Chapter 20 with 181 paragraphs
2026-05-20 09:15:02,690 [DEBUG] rocky_extractor.epub_parser: Parsed Chapter 21 with 290 paragraphs
2026-05-20 09:15:02,697 [DEBUG] rocky_extractor.epub_parser: Parsed Chapter 22 with 276 paragraphs
2026-05-20 09:15:02,701 [DEBUG] rocky_extractor.epub_parser: Parsed Chapter 23 with 146 paragraphs
2026-05-20 09:15:02,708 [DEBUG] rocky_extractor.epub_parser: Parsed Chapter 24 with 206 paragraphs
2026-05-20 09:15:02,716 [DEBUG] rocky_extractor.epub_parser: Parsed Chapter 25 with 268 paragraphs
2026-05-20 09:15:02,719 [DEBUG] rocky_extractor.epub_parser: Parsed Chapter 26 with 92 paragraphs
2026-05-20 09:15:02,721 [DEBUG] rocky_extractor.epub_parser: Parsed Chapter 27 with 49 paragraphs
2026-05-20 09:15:02,724 [DEBUG] rocky_extractor.epub_parser: Parsed Chapter 28 with 103 paragraphs
2026-05-20 09:15:02,731 [DEBUG] rocky_extractor.epub_parser: Parsed Chapter 29 with 226 paragraphs
2026-05-20 09:15:02,734 [DEBUG] rocky_extractor.epub_parser: Parsed Chapter 30 with 77 paragraphs
2026-05-20 09:15:02,734 [INFO] rocky_extractor.pipeline: Filtered to chapters 15 through 15 (Total: 1)
2026-05-20 09:15:02,734 [INFO] rocky_extractor.chunker: Chunking Chapter 15 (180 paragraphs)...
2026-05-20 09:15:02,734 [DEBUG] rocky_extractor.chunker: Created chunk <Chunk Chapter 15 (Chunk 1): 2039 words, paras 0-97>
2026-05-20 09:15:02,735 [DEBUG] rocky_extractor.chunker: Created chunk <Chunk Chapter 15 (Chunk 2): 1749 words, paras 91-179>
2026-05-20 09:15:02,735 [INFO] rocky_extractor.chunker: Total chunks created across all chapters: 2
2026-05-20 09:15:02,735 [INFO] rocky_extractor.pipeline: Assembled 2 paragraph-based chunks across target chapters.
2026-05-20 09:15:02,744 [INFO] rocky_extractor.pipeline: 
Processing c15_chunk1 (2039 words)...
2026-05-20 09:15:02,744 [INFO] rocky_extractor.pipeline: Extracting dialogue...
2026-05-20 09:15:02,745 [DEBUG] rocky_extractor.cache: Cache miss for model qwen3:8b
2026-05-20 09:15:02,745 [DEBUG] rocky_extractor.ollama_client: Querying Ollama (Attempt 1/3)...
2026-05-20 09:15:02,745 [DEBUG] httpcore.http11: send_request_headers.started request=<Request [b'POST']>
2026-05-20 09:15:02,745 [DEBUG] httpcore.http11: send_request_headers.complete
2026-05-20 09:15:02,745 [DEBUG] httpcore.http11: send_request_body.started request=<Request [b'POST']>
2026-05-20 09:15:02,746 [DEBUG] httpcore.http11: send_request_body.complete
2026-05-20 09:15:02,746 [DEBUG] httpcore.http11: receive_response_headers.started request=<Request [b'POST']>
2026-05-20 09:15:38,013 [DEBUG] httpcore.http11: receive_response_headers.complete return_value=(b'HTTP/1.1', 200, b'OK', [(b'Content-Type', b'application/json; charset=utf-8'), (b'Date', b'Wed, 20 May 2026 03:45:38 GMT'), (b'Transfer-Encoding', b'chunked')])
2026-05-20 09:15:38,013 [INFO] httpx: HTTP Request: POST http://127.0.0.1:11434/api/chat "HTTP/1.1 200 OK"
2026-05-20 09:15:38,014 [DEBUG] httpcore.http11: receive_response_body.started request=<Request [b'POST']>
2026-05-20 09:15:38,014 [DEBUG] httpcore.http11: receive_response_body.complete
2026-05-20 09:15:38,014 [DEBUG] httpcore.http11: response_closed.started
2026-05-20 09:15:38,014 [DEBUG] httpcore.http11: response_closed.complete
2026-05-20 09:15:38,014 [DEBUG] rocky_extractor.ollama_client: Ollama response received in 35.27s
2026-05-20 09:15:38,017 [DEBUG] rocky_extractor.cache: Cached response under key 9b71f961...
2026-05-20 09:15:38,017 [INFO] rocky_extractor.pipeline: Extracted 8 dialogue items.
2026-05-20 09:15:38,018 [INFO] rocky_extractor.pipeline: Extracting memory...
2026-05-20 09:15:38,018 [DEBUG] rocky_extractor.cache: Cache miss for model qwen3:8b
2026-05-20 09:15:38,018 [DEBUG] rocky_extractor.ollama_client: Querying Ollama (Attempt 1/3)...
2026-05-20 09:15:38,019 [DEBUG] httpcore.http11: send_request_headers.started request=<Request [b'POST']>
2026-05-20 09:15:38,019 [DEBUG] httpcore.http11: send_request_headers.complete
2026-05-20 09:15:38,019 [DEBUG] httpcore.http11: send_request_body.started request=<Request [b'POST']>
2026-05-20 09:15:38,019 [DEBUG] httpcore.http11: send_request_body.complete
2026-05-20 09:15:38,019 [DEBUG] httpcore.http11: receive_response_headers.started request=<Request [b'POST']>
2026-05-20 09:16:14,058 [DEBUG] httpcore.http11: receive_response_headers.complete return_value=(b'HTTP/1.1', 200, b'OK', [(b'Content-Type', b'application/json; charset=utf-8'), (b'Date', b'Wed, 20 May 2026 03:46:14 GMT'), (b'Transfer-Encoding', b'chunked')])
2026-05-20 09:16:14,058 [INFO] httpx: HTTP Request: POST http://127.0.0.1:11434/api/chat "HTTP/1.1 200 OK"
2026-05-20 09:16:14,058 [DEBUG] httpcore.http11: receive_response_body.started request=<Request [b'POST']>
2026-05-20 09:16:14,059 [DEBUG] httpcore.http11: receive_response_body.complete
2026-05-20 09:16:14,059 [DEBUG] httpcore.http11: response_closed.started
2026-05-20 09:16:14,059 [DEBUG] httpcore.http11: response_closed.complete
2026-05-20 09:16:14,059 [DEBUG] rocky_extractor.ollama_client: Ollama response received in 36.04s
2026-05-20 09:16:14,062 [DEBUG] rocky_extractor.cache: Cached response under key 2a94a9a9...
2026-05-20 09:16:14,062 [INFO] rocky_extractor.pipeline: Extracted 5 memory items.
2026-05-20 09:16:14,062 [ERROR] rocky_extractor.pipeline: Failed extraction of memory for chunk c15_chunk1: 'memorys_extracted'
2026-05-20 09:16:14,062 [INFO] rocky_extractor.pipeline: Extracting behavior...
2026-05-20 09:16:14,063 [DEBUG] rocky_extractor.cache: Cache miss for model qwen3:8b
2026-05-20 09:16:14,063 [DEBUG] rocky_extractor.ollama_client: Querying Ollama (Attempt 1/3)...
2026-05-20 09:16:14,063 [DEBUG] httpcore.http11: send_request_headers.started request=<Request [b'POST']>
2026-05-20 09:16:14,063 [DEBUG] httpcore.http11: send_request_headers.complete
2026-05-20 09:16:14,063 [DEBUG] httpcore.http11: send_request_body.started request=<Request [b'POST']>
2026-05-20 09:16:14,063 [DEBUG] httpcore.http11: send_request_body.complete
2026-05-20 09:16:14,063 [DEBUG] httpcore.http11: receive_response_headers.started request=<Request [b'POST']>
2026-05-20 09:17:01,012 [INFO] main: Chapter range configured: Chapters 15 to 15
2026-05-20 09:17:01,012 [DEBUG] rocky_extractor.cache: Initializing SQLite cache at .rocky_cache.db
2026-05-20 09:17:01,013 [INFO] rocky_extractor.ollama_client: Verifying availability of Ollama model 'qwen3:8b'...
2026-05-20 09:17:01,013 [DEBUG] httpcore.connection: connect_tcp.started host='127.0.0.1' port=11434 local_address=None timeout=None socket_options=None
2026-05-20 09:17:01,014 [DEBUG] httpcore.connection: connect_tcp.complete return_value=<httpcore._backends.sync.SyncStream object at 0x7f2fc8b61d30>
2026-05-20 09:17:01,014 [DEBUG] httpcore.http11: send_request_headers.started request=<Request [b'GET']>
2026-05-20 09:17:01,014 [DEBUG] httpcore.http11: send_request_headers.complete
2026-05-20 09:17:01,014 [DEBUG] httpcore.http11: send_request_body.started request=<Request [b'GET']>
2026-05-20 09:17:01,014 [DEBUG] httpcore.http11: send_request_body.complete
2026-05-20 09:17:01,014 [DEBUG] httpcore.http11: receive_response_headers.started request=<Request [b'GET']>
2026-05-20 09:17:01,015 [DEBUG] httpcore.http11: receive_response_headers.complete return_value=(b'HTTP/1.1', 200, b'OK', [(b'Content-Type', b'application/json; charset=utf-8'), (b'Date', b'Wed, 20 May 2026 03:47:01 GMT'), (b'Content-Length', b'1385')])
2026-05-20 09:17:01,015 [INFO] httpx: HTTP Request: GET http://127.0.0.1:11434/api/tags "HTTP/1.1 200 OK"
2026-05-20 09:17:01,015 [DEBUG] httpcore.http11: receive_response_body.started request=<Request [b'GET']>
2026-05-20 09:17:01,015 [DEBUG] httpcore.http11: receive_response_body.complete
2026-05-20 09:17:01,015 [DEBUG] httpcore.http11: response_closed.started
2026-05-20 09:17:01,015 [DEBUG] httpcore.http11: response_closed.complete
2026-05-20 09:17:01,015 [INFO] rocky_extractor.ollama_client: Model 'qwen3:8b' is available.
2026-05-20 09:17:01,015 [INFO] rocky_extractor.pipeline: Starting Project Hail Mary Extraction Pipeline...
2026-05-20 09:17:01,016 [INFO] rocky_extractor.epub_parser: Opening EPUB file: Project Hail Mary - Andy Weir.epub
2026-05-20 09:17:01,067 [INFO] rocky_extractor.epub_parser: Found 30 story chapters (Chapters 1 to 30)
2026-05-20 09:17:01,076 [DEBUG] rocky_extractor.epub_parser: Parsed Chapter 1 with 247 paragraphs
2026-05-20 09:17:01,081 [DEBUG] rocky_extractor.epub_parser: Parsed Chapter 2 with 185 paragraphs
2026-05-20 09:17:01,088 [DEBUG] rocky_extractor.epub_parser: Parsed Chapter 3 with 272 paragraphs
2026-05-20 09:17:01,095 [DEBUG] rocky_extractor.epub_parser: Parsed Chapter 4 with 260 paragraphs
2026-05-20 09:17:01,104 [DEBUG] rocky_extractor.epub_parser: Parsed Chapter 5 with 329 paragraphs
2026-05-20 09:17:01,113 [DEBUG] rocky_extractor.epub_parser: Parsed Chapter 6 with 232 paragraphs
2026-05-20 09:17:01,118 [DEBUG] rocky_extractor.epub_parser: Parsed Chapter 7 with 156 paragraphs
2026-05-20 09:17:01,124 [DEBUG] rocky_extractor.epub_parser: Parsed Chapter 8 with 209 paragraphs
2026-05-20 09:17:01,130 [DEBUG] rocky_extractor.epub_parser: Parsed Chapter 9 with 171 paragraphs
2026-05-20 09:17:01,135 [DEBUG] rocky_extractor.epub_parser: Parsed Chapter 10 with 184 paragraphs
2026-05-20 09:17:01,140 [DEBUG] rocky_extractor.epub_parser: Parsed Chapter 11 with 143 paragraphs
2026-05-20 09:17:01,148 [DEBUG] rocky_extractor.epub_parser: Parsed Chapter 12 with 253 paragraphs
2026-05-20 09:17:01,156 [DEBUG] rocky_extractor.epub_parser: Parsed Chapter 13 with 249 paragraphs
2026-05-20 09:17:01,163 [DEBUG] rocky_extractor.epub_parser: Parsed Chapter 14 with 241 paragraphs
2026-05-20 09:17:01,168 [DEBUG] rocky_extractor.epub_parser: Parsed Chapter 15 with 180 paragraphs
2026-05-20 09:17:01,175 [DEBUG] rocky_extractor.epub_parser: Parsed Chapter 16 with 211 paragraphs
2026-05-20 09:17:01,182 [DEBUG] rocky_extractor.epub_parser: Parsed Chapter 17 with 219 paragraphs
2026-05-20 09:17:01,189 [DEBUG] rocky_extractor.epub_parser: Parsed Chapter 18 with 217 paragraphs
2026-05-20 09:17:01,195 [DEBUG] rocky_extractor.epub_parser: Parsed Chapter 19 with 247 paragraphs
2026-05-20 09:17:01,200 [DEBUG] rocky_extractor.epub_parser: Parsed Chapter 20 with 181 paragraphs
2026-05-20 09:17:01,209 [DEBUG] rocky_extractor.epub_parser: Parsed Chapter 21 with 290 paragraphs
2026-05-20 09:17:01,216 [DEBUG] rocky_extractor.epub_parser: Parsed Chapter 22 with 276 paragraphs
2026-05-20 09:17:01,221 [DEBUG] rocky_extractor.epub_parser: Parsed Chapter 23 with 146 paragraphs
2026-05-20 09:17:01,229 [DEBUG] rocky_extractor.epub_parser: Parsed Chapter 24 with 206 paragraphs
2026-05-20 09:17:01,237 [DEBUG] rocky_extractor.epub_parser: Parsed Chapter 25 with 268 paragraphs
2026-05-20 09:17:01,240 [DEBUG] rocky_extractor.epub_parser: Parsed Chapter 26 with 92 paragraphs
2026-05-20 09:17:01,242 [DEBUG] rocky_extractor.epub_parser: Parsed Chapter 27 with 49 paragraphs
2026-05-20 09:17:01,245 [DEBUG] rocky_extractor.epub_parser: Parsed Chapter 28 with 103 paragraphs
2026-05-20 09:17:01,252 [DEBUG] rocky_extractor.epub_parser: Parsed Chapter 29 with 226 paragraphs
2026-05-20 09:17:01,255 [DEBUG] rocky_extractor.epub_parser: Parsed Chapter 30 with 77 paragraphs
2026-05-20 09:17:01,255 [INFO] rocky_extractor.pipeline: Filtered to chapters 15 through 15 (Total: 1)
2026-05-20 09:17:01,255 [INFO] rocky_extractor.chunker: Chunking Chapter 15 (180 paragraphs)...
2026-05-20 09:17:01,255 [DEBUG] rocky_extractor.chunker: Created chunk <Chunk Chapter 15 (Chunk 1): 2039 words, paras 0-97>
2026-05-20 09:17:01,256 [DEBUG] rocky_extractor.chunker: Created chunk <Chunk Chapter 15 (Chunk 2): 1749 words, paras 91-179>
2026-05-20 09:17:01,256 [INFO] rocky_extractor.chunker: Total chunks created across all chapters: 2
2026-05-20 09:17:01,256 [INFO] rocky_extractor.pipeline: Assembled 2 paragraph-based chunks across target chapters.
2026-05-20 09:17:01,260 [INFO] rocky_extractor.pipeline: 
Processing c15_chunk1 (2039 words)...
2026-05-20 09:17:01,260 [INFO] rocky_extractor.pipeline: Extracting dialogue...
2026-05-20 09:17:01,261 [DEBUG] rocky_extractor.cache: Cache hit for key 9b71f961...
2026-05-20 09:17:01,261 [DEBUG] rocky_extractor.ollama_client: Successfully validated from Cache!
2026-05-20 09:17:01,261 [INFO] rocky_extractor.pipeline: Extracted 8 dialogue items.
2026-05-20 09:17:01,261 [INFO] rocky_extractor.pipeline: Extracting memory...
2026-05-20 09:17:01,262 [DEBUG] rocky_extractor.cache: Cache hit for key 2a94a9a9...
2026-05-20 09:17:01,262 [DEBUG] rocky_extractor.ollama_client: Successfully validated from Cache!
2026-05-20 09:17:01,262 [INFO] rocky_extractor.pipeline: Extracted 5 memory items.
2026-05-20 09:17:01,262 [INFO] rocky_extractor.pipeline: Extracting behavior...
2026-05-20 09:17:01,262 [DEBUG] rocky_extractor.cache: Cache miss for model qwen3:8b
2026-05-20 09:17:01,262 [DEBUG] rocky_extractor.ollama_client: Querying Ollama (Attempt 1/3)...
2026-05-20 09:17:01,263 [DEBUG] httpcore.http11: send_request_headers.started request=<Request [b'POST']>
2026-05-20 09:17:01,263 [DEBUG] httpcore.http11: send_request_headers.complete
2026-05-20 09:17:01,263 [DEBUG] httpcore.http11: send_request_body.started request=<Request [b'POST']>
2026-05-20 09:17:01,263 [DEBUG] httpcore.http11: send_request_body.complete
2026-05-20 09:17:01,263 [DEBUG] httpcore.http11: receive_response_headers.started request=<Request [b'POST']>
2026-05-20 09:17:33,022 [DEBUG] httpcore.http11: receive_response_headers.complete return_value=(b'HTTP/1.1', 200, b'OK', [(b'Content-Type', b'application/json; charset=utf-8'), (b'Date', b'Wed, 20 May 2026 03:47:33 GMT'), (b'Transfer-Encoding', b'chunked')])
2026-05-20 09:17:33,022 [INFO] httpx: HTTP Request: POST http://127.0.0.1:11434/api/chat "HTTP/1.1 200 OK"
2026-05-20 09:17:33,022 [DEBUG] httpcore.http11: receive_response_body.started request=<Request [b'POST']>
2026-05-20 09:17:33,022 [DEBUG] httpcore.http11: receive_response_body.complete
2026-05-20 09:17:33,022 [DEBUG] httpcore.http11: response_closed.started
2026-05-20 09:17:33,022 [DEBUG] httpcore.http11: response_closed.complete
2026-05-20 09:17:33,022 [DEBUG] rocky_extractor.ollama_client: Ollama response received in 31.76s
2026-05-20 09:17:33,025 [DEBUG] rocky_extractor.cache: Cached response under key d25062ff...
2026-05-20 09:17:33,026 [INFO] rocky_extractor.pipeline: Extracted 6 behavior items.
2026-05-20 09:17:33,026 [INFO] rocky_extractor.pipeline: Extracting knowledge...
2026-05-20 09:17:33,026 [DEBUG] rocky_extractor.cache: Cache miss for model qwen3:8b
2026-05-20 09:17:33,026 [DEBUG] rocky_extractor.ollama_client: Querying Ollama (Attempt 1/3)...
2026-05-20 09:17:33,027 [DEBUG] httpcore.http11: send_request_headers.started request=<Request [b'POST']>
2026-05-20 09:17:33,027 [DEBUG] httpcore.http11: send_request_headers.complete
2026-05-20 09:17:33,027 [DEBUG] httpcore.http11: send_request_body.started request=<Request [b'POST']>
2026-05-20 09:17:33,027 [DEBUG] httpcore.http11: send_request_body.complete
2026-05-20 09:17:33,027 [DEBUG] httpcore.http11: receive_response_headers.started request=<Request [b'POST']>
2026-05-20 09:18:20,081 [DEBUG] httpcore.http11: receive_response_headers.complete return_value=(b'HTTP/1.1', 200, b'OK', [(b'Content-Type', b'application/json; charset=utf-8'), (b'Date', b'Wed, 20 May 2026 03:48:20 GMT'), (b'Transfer-Encoding', b'chunked')])
2026-05-20 09:18:20,081 [INFO] httpx: HTTP Request: POST http://127.0.0.1:11434/api/chat "HTTP/1.1 200 OK"
2026-05-20 09:18:20,081 [DEBUG] httpcore.http11: receive_response_body.started request=<Request [b'POST']>
2026-05-20 09:18:20,082 [DEBUG] httpcore.http11: receive_response_body.complete
2026-05-20 09:18:20,082 [DEBUG] httpcore.http11: response_closed.started
2026-05-20 09:18:20,082 [DEBUG] httpcore.http11: response_closed.complete
2026-05-20 09:18:20,082 [DEBUG] rocky_extractor.ollama_client: Ollama response received in 47.06s
2026-05-20 09:18:20,093 [DEBUG] rocky_extractor.cache: Cached response under key d16e0e34...
2026-05-20 09:18:20,094 [INFO] rocky_extractor.pipeline: Extracted 6 knowledge items.
2026-05-20 09:18:20,094 [INFO] rocky_extractor.pipeline: Extracting relationship...
2026-05-20 09:18:20,094 [DEBUG] rocky_extractor.cache: Cache miss for model qwen3:8b
2026-05-20 09:18:20,094 [DEBUG] rocky_extractor.ollama_client: Querying Ollama (Attempt 1/3)...
2026-05-20 09:18:20,095 [DEBUG] httpcore.http11: send_request_headers.started request=<Request [b'POST']>
2026-05-20 09:18:20,095 [DEBUG] httpcore.http11: send_request_headers.complete
2026-05-20 09:18:20,095 [DEBUG] httpcore.http11: send_request_body.started request=<Request [b'POST']>
2026-05-20 09:18:20,095 [DEBUG] httpcore.http11: send_request_body.complete
2026-05-20 09:18:20,095 [DEBUG] httpcore.http11: receive_response_headers.started request=<Request [b'POST']>
2026-05-20 09:18:38,053 [DEBUG] httpcore.http11: receive_response_headers.complete return_value=(b'HTTP/1.1', 200, b'OK', [(b'Content-Type', b'application/json; charset=utf-8'), (b'Date', b'Wed, 20 May 2026 03:48:38 GMT'), (b'Transfer-Encoding', b'chunked')])
2026-05-20 09:18:38,053 [INFO] httpx: HTTP Request: POST http://127.0.0.1:11434/api/chat "HTTP/1.1 200 OK"
2026-05-20 09:18:38,053 [DEBUG] httpcore.http11: receive_response_body.started request=<Request [b'POST']>
2026-05-20 09:18:38,054 [DEBUG] httpcore.http11: receive_response_body.complete
2026-05-20 09:18:38,054 [DEBUG] httpcore.http11: response_closed.started
2026-05-20 09:18:38,054 [DEBUG] httpcore.http11: response_closed.complete
2026-05-20 09:18:38,054 [DEBUG] rocky_extractor.ollama_client: Ollama response received in 17.96s
2026-05-20 09:18:38,057 [DEBUG] rocky_extractor.cache: Cached response under key 4d828009...
2026-05-20 09:18:38,057 [INFO] rocky_extractor.pipeline: Extracted 1 relationship items.
2026-05-20 09:18:38,057 [INFO] rocky_extractor.pipeline: 
Processing c15_chunk2 (1749 words)...
2026-05-20 09:18:38,058 [INFO] rocky_extractor.pipeline: Extracting dialogue...
2026-05-20 09:18:38,058 [DEBUG] rocky_extractor.cache: Cache miss for model qwen3:8b
2026-05-20 09:18:38,058 [DEBUG] rocky_extractor.ollama_client: Querying Ollama (Attempt 1/3)...
2026-05-20 09:18:38,059 [DEBUG] httpcore.http11: send_request_headers.started request=<Request [b'POST']>
2026-05-20 09:18:38,059 [DEBUG] httpcore.http11: send_request_headers.complete
2026-05-20 09:18:38,059 [DEBUG] httpcore.http11: send_request_body.started request=<Request [b'POST']>
2026-05-20 09:18:38,059 [DEBUG] httpcore.http11: send_request_body.complete
2026-05-20 09:18:38,059 [DEBUG] httpcore.http11: receive_response_headers.started request=<Request [b'POST']>
2026-05-20 09:19:52,083 [DEBUG] httpcore.http11: receive_response_headers.complete return_value=(b'HTTP/1.1', 200, b'OK', [(b'Content-Type', b'application/json; charset=utf-8'), (b'Date', b'Wed, 20 May 2026 03:49:52 GMT'), (b'Transfer-Encoding', b'chunked')])
2026-05-20 09:19:52,083 [INFO] httpx: HTTP Request: POST http://127.0.0.1:11434/api/chat "HTTP/1.1 200 OK"
2026-05-20 09:19:52,083 [DEBUG] httpcore.http11: receive_response_body.started request=<Request [b'POST']>
2026-05-20 09:19:52,083 [DEBUG] httpcore.http11: receive_response_body.complete
2026-05-20 09:19:52,083 [DEBUG] httpcore.http11: response_closed.started
2026-05-20 09:19:52,083 [DEBUG] httpcore.http11: response_closed.complete
2026-05-20 09:19:52,084 [DEBUG] rocky_extractor.ollama_client: Ollama response received in 74.03s
2026-05-20 09:19:52,096 [DEBUG] rocky_extractor.cache: Cached response under key 66cdc486...
2026-05-20 09:19:52,096 [INFO] rocky_extractor.pipeline: Extracted 16 dialogue items.
2026-05-20 09:19:52,097 [INFO] rocky_extractor.pipeline: Extracting memory...
2026-05-20 09:19:52,097 [DEBUG] rocky_extractor.cache: Cache miss for model qwen3:8b
2026-05-20 09:19:52,097 [DEBUG] rocky_extractor.ollama_client: Querying Ollama (Attempt 1/3)...
2026-05-20 09:19:52,097 [DEBUG] httpcore.http11: send_request_headers.started request=<Request [b'POST']>
2026-05-20 09:19:52,098 [DEBUG] httpcore.http11: send_request_headers.complete
2026-05-20 09:19:52,098 [DEBUG] httpcore.http11: send_request_body.started request=<Request [b'POST']>
2026-05-20 09:19:52,098 [DEBUG] httpcore.http11: send_request_body.complete
2026-05-20 09:19:52,098 [DEBUG] httpcore.http11: receive_response_headers.started request=<Request [b'POST']>
2026-05-20 09:20:21,455 [DEBUG] httpcore.http11: receive_response_headers.complete return_value=(b'HTTP/1.1', 200, b'OK', [(b'Content-Type', b'application/json; charset=utf-8'), (b'Date', b'Wed, 20 May 2026 03:50:21 GMT'), (b'Transfer-Encoding', b'chunked')])
2026-05-20 09:20:21,455 [INFO] httpx: HTTP Request: POST http://127.0.0.1:11434/api/chat "HTTP/1.1 200 OK"
2026-05-20 09:20:21,455 [DEBUG] httpcore.http11: receive_response_body.started request=<Request [b'POST']>
2026-05-20 09:20:21,455 [DEBUG] httpcore.http11: receive_response_body.complete
2026-05-20 09:20:21,456 [DEBUG] httpcore.http11: response_closed.started
2026-05-20 09:20:21,456 [DEBUG] httpcore.http11: response_closed.complete
2026-05-20 09:20:21,456 [DEBUG] rocky_extractor.ollama_client: Ollama response received in 29.36s
2026-05-20 09:20:21,469 [DEBUG] rocky_extractor.cache: Cached response under key 1e949fce...
2026-05-20 09:20:21,469 [INFO] rocky_extractor.pipeline: Extracted 3 memory items.
2026-05-20 09:20:21,469 [INFO] rocky_extractor.pipeline: Extracting behavior...
2026-05-20 09:20:21,470 [DEBUG] rocky_extractor.cache: Cache miss for model qwen3:8b
2026-05-20 09:20:21,470 [DEBUG] rocky_extractor.ollama_client: Querying Ollama (Attempt 1/3)...
2026-05-20 09:20:21,470 [DEBUG] httpcore.http11: send_request_headers.started request=<Request [b'POST']>
2026-05-20 09:20:21,470 [DEBUG] httpcore.http11: send_request_headers.complete
2026-05-20 09:20:21,471 [DEBUG] httpcore.http11: send_request_body.started request=<Request [b'POST']>
2026-05-20 09:20:21,471 [DEBUG] httpcore.http11: send_request_body.complete
2026-05-20 09:20:21,471 [DEBUG] httpcore.http11: receive_response_headers.started request=<Request [b'POST']>
2026-05-20 09:21:04,167 [DEBUG] httpcore.http11: receive_response_headers.complete return_value=(b'HTTP/1.1', 200, b'OK', [(b'Content-Type', b'application/json; charset=utf-8'), (b'Date', b'Wed, 20 May 2026 03:51:04 GMT'), (b'Transfer-Encoding', b'chunked')])
2026-05-20 09:21:04,168 [INFO] httpx: HTTP Request: POST http://127.0.0.1:11434/api/chat "HTTP/1.1 200 OK"
2026-05-20 09:21:04,168 [DEBUG] httpcore.http11: receive_response_body.started request=<Request [b'POST']>
2026-05-20 09:21:04,169 [DEBUG] httpcore.http11: receive_response_body.complete
2026-05-20 09:21:04,169 [DEBUG] httpcore.http11: response_closed.started
2026-05-20 09:21:04,169 [DEBUG] httpcore.http11: response_closed.complete
2026-05-20 09:21:04,169 [DEBUG] rocky_extractor.ollama_client: Ollama response received in 42.70s
2026-05-20 09:21:04,183 [DEBUG] rocky_extractor.cache: Cached response under key c93a4f50...
2026-05-20 09:21:04,183 [INFO] rocky_extractor.pipeline: Extracted 10 behavior items.
2026-05-20 09:21:04,184 [INFO] rocky_extractor.pipeline: Extracting knowledge...
2026-05-20 09:21:04,184 [DEBUG] rocky_extractor.cache: Cache miss for model qwen3:8b
2026-05-20 09:21:04,184 [DEBUG] rocky_extractor.ollama_client: Querying Ollama (Attempt 1/3)...
2026-05-20 09:21:04,185 [DEBUG] httpcore.http11: send_request_headers.started request=<Request [b'POST']>
2026-05-20 09:21:04,185 [DEBUG] httpcore.http11: send_request_headers.complete
2026-05-20 09:21:04,185 [DEBUG] httpcore.http11: send_request_body.started request=<Request [b'POST']>
2026-05-20 09:21:04,185 [DEBUG] httpcore.http11: send_request_body.complete
2026-05-20 09:21:04,185 [DEBUG] httpcore.http11: receive_response_headers.started request=<Request [b'POST']>
2026-05-20 09:21:51,644 [DEBUG] httpcore.http11: receive_response_headers.complete return_value=(b'HTTP/1.1', 200, b'OK', [(b'Content-Type', b'application/json; charset=utf-8'), (b'Date', b'Wed, 20 May 2026 03:51:51 GMT'), (b'Transfer-Encoding', b'chunked')])
2026-05-20 09:21:51,644 [INFO] httpx: HTTP Request: POST http://127.0.0.1:11434/api/chat "HTTP/1.1 200 OK"
2026-05-20 09:21:51,645 [DEBUG] httpcore.http11: receive_response_body.started request=<Request [b'POST']>
2026-05-20 09:21:51,645 [DEBUG] httpcore.http11: receive_response_body.complete
2026-05-20 09:21:51,645 [DEBUG] httpcore.http11: response_closed.started
2026-05-20 09:21:51,645 [DEBUG] httpcore.http11: response_closed.complete
2026-05-20 09:21:51,645 [DEBUG] rocky_extractor.ollama_client: Ollama response received in 47.46s
2026-05-20 09:21:51,648 [DEBUG] rocky_extractor.cache: Cached response under key 547821e6...
2026-05-20 09:21:51,648 [INFO] rocky_extractor.pipeline: Extracted 7 knowledge items.
2026-05-20 09:21:51,648 [INFO] rocky_extractor.pipeline: Extracting relationship...
2026-05-20 09:21:51,649 [DEBUG] rocky_extractor.cache: Cache miss for model qwen3:8b
2026-05-20 09:21:51,649 [DEBUG] rocky_extractor.ollama_client: Querying Ollama (Attempt 1/3)...
2026-05-20 09:21:51,649 [DEBUG] httpcore.http11: send_request_headers.started request=<Request [b'POST']>
2026-05-20 09:21:51,650 [DEBUG] httpcore.http11: send_request_headers.complete
2026-05-20 09:21:51,650 [DEBUG] httpcore.http11: send_request_body.started request=<Request [b'POST']>
2026-05-20 09:21:51,650 [DEBUG] httpcore.http11: send_request_body.complete
2026-05-20 09:21:51,650 [DEBUG] httpcore.http11: receive_response_headers.started request=<Request [b'POST']>
2026-05-20 09:22:22,463 [DEBUG] httpcore.http11: receive_response_headers.complete return_value=(b'HTTP/1.1', 200, b'OK', [(b'Content-Type', b'application/json; charset=utf-8'), (b'Date', b'Wed, 20 May 2026 03:52:22 GMT'), (b'Transfer-Encoding', b'chunked')])
2026-05-20 09:22:22,463 [INFO] httpx: HTTP Request: POST http://127.0.0.1:11434/api/chat "HTTP/1.1 200 OK"
2026-05-20 09:22:22,463 [DEBUG] httpcore.http11: receive_response_body.started request=<Request [b'POST']>
2026-05-20 09:22:22,463 [DEBUG] httpcore.http11: receive_response_body.complete
2026-05-20 09:22:22,463 [DEBUG] httpcore.http11: response_closed.started
2026-05-20 09:22:22,463 [DEBUG] httpcore.http11: response_closed.complete
2026-05-20 09:22:22,464 [DEBUG] rocky_extractor.ollama_client: Ollama response received in 30.81s
2026-05-20 09:22:22,466 [DEBUG] rocky_extractor.cache: Cached response under key 9d4ebfbd...
2026-05-20 09:22:22,467 [DEBUG] rocky_extractor.pipeline: No relationship items found in this chunk.
2026-05-20 09:22:22,467 [INFO] rocky_extractor.pipeline: 
==================================================
2026-05-20 09:22:22,467 [INFO] rocky_extractor.pipeline: EXTRACTION PIPELINE COMPLETED
2026-05-20 09:22:22,467 [INFO] rocky_extractor.pipeline: ==================================================
2026-05-20 09:22:22,467 [INFO] rocky_extractor.pipeline: Total chunks processed: 2
2026-05-20 09:22:22,467 [INFO] rocky_extractor.pipeline: Total chunks skipped (already processed): 0
2026-05-20 09:22:22,467 [INFO] rocky_extractor.pipeline: Output directory: output_datasets
2026-05-20 09:22:22,467 [INFO] rocky_extractor.pipeline: --------------------------------------------------
2026-05-20 09:22:22,467 [INFO] rocky_extractor.pipeline: Rocky Dialogues Extracted:      24
2026-05-20 09:22:22,467 [INFO] rocky_extractor.pipeline: Rocky Memories/Incidents:      8
2026-05-20 09:22:22,467 [INFO] rocky_extractor.pipeline: Rocky Behaviors Extracted:     16
2026-05-20 09:22:22,467 [INFO] rocky_extractor.pipeline: Rocky Knowledge Points:        13
2026-05-20 09:22:22,467 [INFO] rocky_extractor.pipeline: Rocky-Grace Relationships:     1
2026-05-20 09:22:22,467 [INFO] rocky_extractor.pipeline: ==================================================
2026-05-20 09:32:47,578 [INFO] rocky_extractor.ollama_client: Verifying availability of Ollama model 'qwen3:8b'...
2026-05-20 09:32:47,580 [INFO] httpx: HTTP Request: GET http://127.0.0.1:11434/api/tags "HTTP/1.1 200 OK"
2026-05-20 09:32:47,581 [INFO] rocky_extractor.ollama_client: Model 'qwen3:8b' is available.
2026-05-20 09:32:47,581 [INFO] rocky_extractor.pipeline: Loaded progress state. 2 chunks already processed.
2026-05-20 09:32:47,581 [INFO] rocky_extractor.pipeline: Starting Project Hail Mary Extraction Pipeline...
2026-05-20 09:32:47,581 [INFO] rocky_extractor.epub_parser: Opening EPUB file: Project Hail Mary - Andy Weir.epub
2026-05-20 09:32:47,635 [INFO] rocky_extractor.epub_parser: Found 30 story chapters (Chapters 1 to 30)
2026-05-20 09:32:47,833 [INFO] rocky_extractor.chunker: Chunking Chapter 1 (247 paragraphs)...
2026-05-20 09:32:47,834 [INFO] rocky_extractor.chunker: Chunking Chapter 2 (185 paragraphs)...
2026-05-20 09:32:47,834 [INFO] rocky_extractor.chunker: Chunking Chapter 3 (272 paragraphs)...
2026-05-20 09:32:47,835 [INFO] rocky_extractor.chunker: Chunking Chapter 4 (260 paragraphs)...
2026-05-20 09:32:47,836 [INFO] rocky_extractor.chunker: Chunking Chapter 5 (329 paragraphs)...
2026-05-20 09:32:47,836 [INFO] rocky_extractor.chunker: Chunking Chapter 6 (232 paragraphs)...
2026-05-20 09:32:47,838 [INFO] rocky_extractor.chunker: Chunking Chapter 7 (156 paragraphs)...
2026-05-20 09:32:47,838 [INFO] rocky_extractor.chunker: Chunking Chapter 8 (209 paragraphs)...
2026-05-20 09:32:47,839 [INFO] rocky_extractor.chunker: Chunking Chapter 9 (171 paragraphs)...
2026-05-20 09:32:47,839 [INFO] rocky_extractor.chunker: Chunking Chapter 10 (184 paragraphs)...
2026-05-20 09:32:47,840 [INFO] rocky_extractor.chunker: Chunking Chapter 11 (143 paragraphs)...
2026-05-20 09:32:47,840 [INFO] rocky_extractor.chunker: Chunking Chapter 12 (253 paragraphs)...
2026-05-20 09:32:47,841 [INFO] rocky_extractor.chunker: Chunking Chapter 13 (249 paragraphs)...
2026-05-20 09:32:47,841 [INFO] rocky_extractor.chunker: Chunking Chapter 14 (241 paragraphs)...
2026-05-20 09:32:47,842 [INFO] rocky_extractor.chunker: Chunking Chapter 15 (180 paragraphs)...
2026-05-20 09:32:47,842 [INFO] rocky_extractor.chunker: Chunking Chapter 16 (211 paragraphs)...
2026-05-20 09:32:47,843 [INFO] rocky_extractor.chunker: Chunking Chapter 17 (219 paragraphs)...
2026-05-20 09:32:47,843 [INFO] rocky_extractor.chunker: Chunking Chapter 18 (217 paragraphs)...
2026-05-20 09:32:47,844 [INFO] rocky_extractor.chunker: Chunking Chapter 19 (247 paragraphs)...
2026-05-20 09:32:47,844 [INFO] rocky_extractor.chunker: Chunking Chapter 20 (181 paragraphs)...
2026-05-20 09:32:47,845 [INFO] rocky_extractor.chunker: Chunking Chapter 21 (290 paragraphs)...
2026-05-20 09:32:47,846 [INFO] rocky_extractor.chunker: Chunking Chapter 22 (276 paragraphs)...
2026-05-20 09:32:47,847 [INFO] rocky_extractor.chunker: Chunking Chapter 23 (146 paragraphs)...
2026-05-20 09:32:47,847 [INFO] rocky_extractor.chunker: Chunking Chapter 24 (206 paragraphs)...
2026-05-20 09:32:47,848 [INFO] rocky_extractor.chunker: Chunking Chapter 25 (268 paragraphs)...
2026-05-20 09:32:47,848 [INFO] rocky_extractor.chunker: Chunking Chapter 26 (92 paragraphs)...
2026-05-20 09:32:47,849 [INFO] rocky_extractor.chunker: Chunking Chapter 27 (49 paragraphs)...
2026-05-20 09:32:47,849 [INFO] rocky_extractor.chunker: Chunking Chapter 28 (103 paragraphs)...
2026-05-20 09:32:47,849 [INFO] rocky_extractor.chunker: Chunking Chapter 29 (226 paragraphs)...
2026-05-20 09:32:47,850 [INFO] rocky_extractor.chunker: Chunking Chapter 30 (77 paragraphs)...
2026-05-20 09:32:47,850 [INFO] rocky_extractor.chunker: Total chunks created across all chapters: 95
2026-05-20 09:32:47,850 [INFO] rocky_extractor.pipeline: Assembled 95 paragraph-based chunks across target chapters.
2026-05-20 09:32:47,856 [INFO] rocky_extractor.pipeline: 
Processing c1_chunk1 (2004 words)...
2026-05-20 09:32:47,857 [INFO] rocky_extractor.pipeline: Extracting dialogue...
2026-05-20 09:34:24,917 [INFO] httpx: HTTP Request: POST http://127.0.0.1:11434/api/chat "HTTP/1.1 200 OK"
2026-05-20 09:34:24,921 [INFO] rocky_extractor.pipeline: Extracted 9 dialogue items.
2026-05-20 09:34:24,921 [INFO] rocky_extractor.pipeline: Extracting memory...
2026-05-20 09:35:16,925 [INFO] httpx: HTTP Request: POST http://127.0.0.1:11434/api/chat "HTTP/1.1 200 OK"
2026-05-20 09:35:16,939 [INFO] rocky_extractor.pipeline: Extracted 6 memory items.
2026-05-20 09:35:16,940 [INFO] rocky_extractor.pipeline: Extracting behavior...
2026-05-20 09:35:32,519 [INFO] httpx: HTTP Request: POST http://127.0.0.1:11434/api/chat "HTTP/1.1 200 OK"
2026-05-20 09:35:32,523 [INFO] rocky_extractor.pipeline: Extracting knowledge...
2026-05-20 09:36:11,695 [INFO] httpx: HTTP Request: POST http://127.0.0.1:11434/api/chat "HTTP/1.1 200 OK"
2026-05-20 09:36:11,708 [INFO] rocky_extractor.pipeline: Extracted 6 knowledge items.
2026-05-20 09:36:11,709 [INFO] rocky_extractor.pipeline: Extracting relationship...
2026-05-20 09:36:23,079 [INFO] httpx: HTTP Request: POST http://127.0.0.1:11434/api/chat "HTTP/1.1 200 OK"
2026-05-20 09:36:23,090 [INFO] rocky_extractor.pipeline: 
Processing c1_chunk2 (2004 words)...
2026-05-20 09:36:23,091 [INFO] rocky_extractor.pipeline: Extracting dialogue...
2026-05-20 09:36:36,390 [INFO] httpx: HTTP Request: POST http://127.0.0.1:11434/api/chat "HTTP/1.1 200 OK"
2026-05-20 09:36:36,393 [INFO] rocky_extractor.pipeline: Extracting memory...
2026-05-20 09:36:45,438 [INFO] httpx: HTTP Request: POST http://127.0.0.1:11434/api/chat "HTTP/1.1 200 OK"
2026-05-20 09:36:45,441 [INFO] rocky_extractor.pipeline: Extracting behavior...
2026-05-20 09:36:55,435 [INFO] httpx: HTTP Request: POST http://127.0.0.1:11434/api/chat "HTTP/1.1 200 OK"
2026-05-20 09:36:55,438 [INFO] rocky_extractor.pipeline: Extracting knowledge...
2026-05-20 09:37:27,237 [INFO] httpx: HTTP Request: POST http://127.0.0.1:11434/api/chat "HTTP/1.1 200 OK"
2026-05-20 09:37:27,241 [INFO] rocky_extractor.pipeline: Extracted 6 knowledge items.
2026-05-20 09:37:27,241 [INFO] rocky_extractor.pipeline: Extracting relationship...
2026-05-20 09:37:35,173 [INFO] httpx: HTTP Request: POST http://127.0.0.1:11434/api/chat "HTTP/1.1 200 OK"
2026-05-20 09:37:35,185 [INFO] rocky_extractor.pipeline: 
Processing c1_chunk3 (1812 words)...
2026-05-20 09:37:35,185 [INFO] rocky_extractor.pipeline: Extracting dialogue...
2026-05-20 09:37:50,408 [INFO] httpx: HTTP Request: POST http://127.0.0.1:11434/api/chat "HTTP/1.1 200 OK"
2026-05-20 09:37:50,420 [INFO] rocky_extractor.pipeline: Extracting memory...
2026-05-20 09:38:25,463 [INFO] httpx: HTTP Request: POST http://127.0.0.1:11434/api/chat "HTTP/1.1 200 OK"
2026-05-20 09:38:25,467 [INFO] rocky_extractor.pipeline: Extracted 5 memory items.
2026-05-20 09:38:25,468 [INFO] rocky_extractor.pipeline: Extracting behavior...
2026-05-20 09:38:36,963 [INFO] httpx: HTTP Request: POST http://127.0.0.1:11434/api/chat "HTTP/1.1 200 OK"
2026-05-20 09:38:36,966 [INFO] rocky_extractor.pipeline: Extracting knowledge...
2026-05-20 09:39:21,050 [INFO] httpx: HTTP Request: POST http://127.0.0.1:11434/api/chat "HTTP/1.1 200 OK"
2026-05-20 09:39:21,054 [INFO] rocky_extractor.pipeline: Extracted 5 knowledge items.
2026-05-20 09:39:21,054 [INFO] rocky_extractor.pipeline: Extracting relationship...
2026-05-20 09:39:30,529 [INFO] httpx: HTTP Request: POST http://127.0.0.1:11434/api/chat "HTTP/1.1 200 OK"
2026-05-20 09:39:30,541 [INFO] rocky_extractor.pipeline: 
Processing c2_chunk1 (2013 words)...
2026-05-20 09:39:30,541 [INFO] rocky_extractor.pipeline: Extracting dialogue...
2026-05-20 09:39:49,904 [INFO] httpx: HTTP Request: POST http://127.0.0.1:11434/api/chat "HTTP/1.1 200 OK"
2026-05-20 09:39:49,916 [INFO] rocky_extractor.pipeline: Extracting memory...
2026-05-20 09:39:59,464 [INFO] httpx: HTTP Request: POST http://127.0.0.1:11434/api/chat "HTTP/1.1 200 OK"
2026-05-20 09:39:59,477 [INFO] rocky_extractor.pipeline: Extracting behavior...
2026-05-20 09:40:10,119 [INFO] httpx: HTTP Request: POST http://127.0.0.1:11434/api/chat "HTTP/1.1 200 OK"
2026-05-20 09:40:10,123 [INFO] rocky_extractor.pipeline: Extracting knowledge...
2026-05-20 09:40:47,633 [INFO] httpx: HTTP Request: POST http://127.0.0.1:11434/api/chat "HTTP/1.1 200 OK"
2026-05-20 09:40:47,637 [INFO] rocky_extractor.pipeline: Extracted 7 knowledge items.
2026-05-20 09:40:47,637 [INFO] rocky_extractor.pipeline: Extracting relationship...
2026-05-20 09:40:58,649 [INFO] httpx: HTTP Request: POST http://127.0.0.1:11434/api/chat "HTTP/1.1 200 OK"
2026-05-20 09:40:58,653 [INFO] rocky_extractor.pipeline: 
Processing c2_chunk2 (2015 words)...
2026-05-20 09:40:58,653 [INFO] rocky_extractor.pipeline: Extracting dialogue...
2026-05-20 09:41:14,347 [INFO] httpx: HTTP Request: POST http://127.0.0.1:11434/api/chat "HTTP/1.1 200 OK"
2026-05-20 09:41:14,361 [INFO] rocky_extractor.pipeline: Extracting memory...
2026-05-20 09:41:56,928 [INFO] httpx: HTTP Request: POST http://127.0.0.1:11434/api/chat "HTTP/1.1 200 OK"
2026-05-20 09:41:56,942 [INFO] rocky_extractor.pipeline: Extracted 4 memory items.
2026-05-20 09:41:56,942 [INFO] rocky_extractor.pipeline: Extracting behavior...
2026-05-20 09:42:08,464 [INFO] httpx: HTTP Request: POST http://127.0.0.1:11434/api/chat "HTTP/1.1 200 OK"
2026-05-20 09:42:08,477 [INFO] rocky_extractor.pipeline: Extracting knowledge...
2026-05-20 09:42:42,627 [INFO] httpx: HTTP Request: POST http://127.0.0.1:11434/api/chat "HTTP/1.1 200 OK"
2026-05-20 09:42:42,641 [INFO] rocky_extractor.pipeline: Extracted 7 knowledge items.
2026-05-20 09:42:42,641 [INFO] rocky_extractor.pipeline: Extracting relationship...
2026-05-20 09:43:06,484 [INFO] httpx: HTTP Request: POST http://127.0.0.1:11434/api/chat "HTTP/1.1 200 OK"
2026-05-20 09:43:06,488 [INFO] rocky_extractor.pipeline: 
Processing c2_chunk3 (1080 words)...
2026-05-20 09:43:06,488 [INFO] rocky_extractor.pipeline: Extracting dialogue...
2026-05-20 09:43:19,753 [INFO] httpx: HTTP Request: POST http://127.0.0.1:11434/api/chat "HTTP/1.1 200 OK"
2026-05-20 09:43:19,757 [INFO] rocky_extractor.pipeline: Extracting memory...
2026-05-20 09:44:00,168 [INFO] httpx: HTTP Request: POST http://127.0.0.1:11434/api/chat "HTTP/1.1 200 OK"
2026-05-20 09:44:00,172 [INFO] rocky_extractor.pipeline: Extracted 2 memory items.
2026-05-20 09:44:00,172 [INFO] rocky_extractor.pipeline: Extracting behavior...
2026-05-20 09:44:08,592 [INFO] httpx: HTTP Request: POST http://127.0.0.1:11434/api/chat "HTTP/1.1 200 OK"
2026-05-20 09:44:08,603 [INFO] rocky_extractor.pipeline: Extracting knowledge...
2026-05-20 09:44:56,256 [INFO] httpx: HTTP Request: POST http://127.0.0.1:11434/api/chat "HTTP/1.1 200 OK"
2026-05-20 09:44:56,260 [INFO] rocky_extractor.pipeline: Extracted 5 knowledge items.
2026-05-20 09:44:56,260 [INFO] rocky_extractor.pipeline: Extracting relationship...
2026-05-20 09:45:07,627 [INFO] httpx: HTTP Request: POST http://127.0.0.1:11434/api/chat "HTTP/1.1 200 OK"
2026-05-20 09:45:07,632 [INFO] rocky_extractor.pipeline: 
Processing c3_chunk1 (2027 words)...
2026-05-20 09:45:07,632 [INFO] rocky_extractor.pipeline: Extracting dialogue...
2026-05-20 09:45:16,590 [INFO] httpx: HTTP Request: POST http://127.0.0.1:11434/api/chat "HTTP/1.1 200 OK"
2026-05-20 09:45:16,594 [INFO] rocky_extractor.pipeline: Extracting memory...
2026-05-20 09:45:27,044 [INFO] httpx: HTTP Request: POST http://127.0.0.1:11434/api/chat "HTTP/1.1 200 OK"
2026-05-20 09:45:27,047 [INFO] rocky_extractor.pipeline: Extracting behavior...
2026-05-20 09:45:39,174 [INFO] httpx: HTTP Request: POST http://127.0.0.1:11434/api/chat "HTTP/1.1 200 OK"
2026-05-20 09:45:39,177 [INFO] rocky_extractor.pipeline: Extracting knowledge...
2026-05-20 09:45:49,151 [INFO] httpx: HTTP Request: POST http://127.0.0.1:11434/api/chat "HTTP/1.1 200 OK"
2026-05-20 09:45:49,154 [INFO] rocky_extractor.pipeline: Extracting relationship...
2026-05-20 09:46:36,163 [INFO] httpx: HTTP Request: POST http://127.0.0.1:11434/api/chat "HTTP/1.1 200 OK"
2026-05-20 09:46:36,175 [INFO] rocky_extractor.pipeline: Extracted 1 relationship items.
2026-05-20 09:46:36,175 [INFO] rocky_extractor.pipeline: 
Processing c3_chunk2 (2029 words)...
2026-05-20 09:46:36,176 [INFO] rocky_extractor.pipeline: Extracting dialogue...
2026-05-20 09:46:47,758 [INFO] httpx: HTTP Request: POST http://127.0.0.1:11434/api/chat "HTTP/1.1 200 OK"
2026-05-20 09:46:47,770 [INFO] rocky_extractor.pipeline: Extracting memory...
2026-05-20 09:46:59,298 [INFO] httpx: HTTP Request: POST http://127.0.0.1:11434/api/chat "HTTP/1.1 200 OK"
2026-05-20 09:46:59,301 [INFO] rocky_extractor.pipeline: Extracting behavior...
2026-05-20 09:47:10,580 [INFO] httpx: HTTP Request: POST http://127.0.0.1:11434/api/chat "HTTP/1.1 200 OK"
2026-05-20 09:47:10,584 [INFO] rocky_extractor.pipeline: Extracting knowledge...
2026-05-20 09:47:43,472 [INFO] httpx: HTTP Request: POST http://127.0.0.1:11434/api/chat "HTTP/1.1 200 OK"
2026-05-20 09:47:43,486 [INFO] rocky_extractor.pipeline: Extracted 7 knowledge items.
2026-05-20 09:47:43,486 [INFO] rocky_extractor.pipeline: Extracting relationship...
2026-05-20 09:47:57,764 [INFO] httpx: HTTP Request: POST http://127.0.0.1:11434/api/chat "HTTP/1.1 200 OK"
2026-05-20 09:47:57,769 [INFO] rocky_extractor.pipeline: Extracted 1 relationship items.
2026-05-20 09:47:57,770 [INFO] rocky_extractor.pipeline: 
Processing c3_chunk3 (2009 words)...
2026-05-20 09:47:57,770 [INFO] rocky_extractor.pipeline: Extracting dialogue...
2026-05-20 09:48:08,297 [INFO] httpx: HTTP Request: POST http://127.0.0.1:11434/api/chat "HTTP/1.1 200 OK"
2026-05-20 09:48:08,300 [INFO] rocky_extractor.pipeline: Extracting memory...
2026-05-20 09:48:28,090 [INFO] httpx: HTTP Request: POST http://127.0.0.1:11434/api/chat "HTTP/1.1 200 OK"
2026-05-20 09:48:28,093 [INFO] rocky_extractor.pipeline: Extracting behavior...
2026-05-20 09:48:38,462 [INFO] httpx: HTTP Request: POST http://127.0.0.1:11434/api/chat "HTTP/1.1 200 OK"
2026-05-20 09:48:38,465 [INFO] rocky_extractor.pipeline: Extracting knowledge...
2026-05-20 09:48:49,895 [INFO] httpx: HTTP Request: POST http://127.0.0.1:11434/api/chat "HTTP/1.1 200 OK"
2026-05-20 09:48:49,898 [INFO] rocky_extractor.pipeline: Extracting relationship...
2026-05-20 09:49:05,286 [INFO] httpx: HTTP Request: POST http://127.0.0.1:11434/api/chat "HTTP/1.1 200 OK"
2026-05-20 09:49:05,298 [INFO] rocky_extractor.pipeline: 
Processing c3_chunk4 (711 words)...
2026-05-20 09:49:05,298 [INFO] rocky_extractor.pipeline: Extracting dialogue...
2026-05-20 09:49:16,181 [INFO] httpx: HTTP Request: POST http://127.0.0.1:11434/api/chat "HTTP/1.1 200 OK"
2026-05-20 09:49:16,184 [INFO] rocky_extractor.pipeline: Extracting memory...
2026-05-20 09:49:37,505 [INFO] httpx: HTTP Request: POST http://127.0.0.1:11434/api/chat "HTTP/1.1 200 OK"
2026-05-20 09:49:37,508 [INFO] rocky_extractor.pipeline: Extracted 3 memory items.
2026-05-20 09:49:37,509 [INFO] rocky_extractor.pipeline: Extracting behavior...
2026-05-20 09:49:46,565 [INFO] httpx: HTTP Request: POST http://127.0.0.1:11434/api/chat "HTTP/1.1 200 OK"
2026-05-20 09:49:46,568 [INFO] rocky_extractor.pipeline: Extracting knowledge...
2026-05-20 09:50:18,349 [INFO] httpx: HTTP Request: POST http://127.0.0.1:11434/api/chat "HTTP/1.1 200 OK"
2026-05-20 09:50:18,352 [INFO] rocky_extractor.pipeline: Extracted 8 knowledge items.
2026-05-20 09:50:18,352 [INFO] rocky_extractor.pipeline: Extracting relationship...
2026-05-20 09:50:35,696 [INFO] httpx: HTTP Request: POST http://127.0.0.1:11434/api/chat "HTTP/1.1 200 OK"
2026-05-20 09:50:35,699 [INFO] rocky_extractor.pipeline: Extracted 1 relationship items.
2026-05-20 09:50:35,699 [INFO] rocky_extractor.pipeline: 
Processing c4_chunk1 (2010 words)...
2026-05-20 09:50:35,699 [INFO] rocky_extractor.pipeline: Extracting dialogue...
2026-05-20 09:52:13,536 [INFO] httpx: HTTP Request: POST http://127.0.0.1:11434/api/chat "HTTP/1.1 200 OK"
2026-05-20 09:52:13,540 [INFO] rocky_extractor.pipeline: Extracted 1 dialogue items.
2026-05-20 09:52:13,540 [INFO] rocky_extractor.pipeline: Extracting memory...
2026-05-20 09:53:27,116 [INFO] httpx: HTTP Request: POST http://127.0.0.1:11434/api/chat "HTTP/1.1 200 OK"
2026-05-20 09:53:27,119 [INFO] rocky_extractor.pipeline: Extracted 4 memory items.
2026-05-20 09:53:27,119 [INFO] rocky_extractor.pipeline: Extracting behavior...
2026-05-20 09:53:36,968 [INFO] httpx: HTTP Request: POST http://127.0.0.1:11434/api/chat "HTTP/1.1 200 OK"
2026-05-20 09:53:36,979 [INFO] rocky_extractor.pipeline: Extracting knowledge...
2026-05-20 09:54:11,199 [INFO] httpx: HTTP Request: POST http://127.0.0.1:11434/api/chat "HTTP/1.1 200 OK"
2026-05-20 09:54:11,203 [INFO] rocky_extractor.pipeline: Extracted 8 knowledge items.
2026-05-20 09:54:11,203 [INFO] rocky_extractor.pipeline: Extracting relationship...
2026-05-20 09:54:47,042 [INFO] httpx: HTTP Request: POST http://127.0.0.1:11434/api/chat "HTTP/1.1 200 OK"
2026-05-20 09:54:47,045 [INFO] rocky_extractor.pipeline: Extracted 1 relationship items.
2026-05-20 09:54:47,046 [INFO] rocky_extractor.pipeline: 
Processing c4_chunk2 (2019 words)...
2026-05-20 09:54:47,046 [INFO] rocky_extractor.pipeline: Extracting dialogue...
2026-05-20 09:55:01,708 [INFO] httpx: HTTP Request: POST http://127.0.0.1:11434/api/chat "HTTP/1.1 200 OK"
2026-05-20 09:55:01,712 [INFO] rocky_extractor.pipeline: Extracting memory...
2026-05-20 09:55:24,703 [INFO] httpx: HTTP Request: POST http://127.0.0.1:11434/api/chat "HTTP/1.1 200 OK"
2026-05-20 09:55:24,706 [INFO] rocky_extractor.pipeline: Extracted 2 memory items.
2026-05-20 09:55:24,706 [INFO] rocky_extractor.pipeline: Extracting behavior...
2026-05-20 09:55:33,958 [INFO] httpx: HTTP Request: POST http://127.0.0.1:11434/api/chat "HTTP/1.1 200 OK"
2026-05-20 09:55:33,961 [INFO] rocky_extractor.pipeline: Extracting knowledge...
2026-05-20 09:56:21,411 [INFO] httpx: HTTP Request: POST http://127.0.0.1:11434/api/chat "HTTP/1.1 200 OK"
2026-05-20 09:56:21,414 [INFO] rocky_extractor.pipeline: Extracted 4 knowledge items.
2026-05-20 09:56:21,414 [INFO] rocky_extractor.pipeline: Extracting relationship...
2026-05-20 09:56:31,856 [INFO] httpx: HTTP Request: POST http://127.0.0.1:11434/api/chat "HTTP/1.1 200 OK"
2026-05-20 09:56:31,860 [INFO] rocky_extractor.pipeline: 
Processing c4_chunk3 (2010 words)...
2026-05-20 09:56:31,860 [INFO] rocky_extractor.pipeline: Extracting dialogue...
2026-05-20 09:56:43,115 [INFO] httpx: HTTP Request: POST http://127.0.0.1:11434/api/chat "HTTP/1.1 200 OK"
2026-05-20 09:56:43,118 [INFO] rocky_extractor.pipeline: Extracting memory...
2026-05-20 09:58:29,695 [INFO] httpx: HTTP Request: POST http://127.0.0.1:11434/api/chat "HTTP/1.1 200 OK"
2026-05-20 09:58:29,695 [WARNING] rocky_extractor.ollama_client: JSON schema validation failed on attempt 1: 3 validation errors for MemoryExtractionResult
items.0.confidence
  Input should be a valid string [type=string_type, input_value=0.9, input_type=float]
    For further information visit https://errors.pydantic.dev/2.13/v/string_type
items.1.confidence
  Input should be a valid string [type=string_type, input_value=0.9, input_type=float]
    For further information visit https://errors.pydantic.dev/2.13/v/string_type
items.2.confidence
  Input should be a valid string [type=string_type, input_value=0.9, input_type=float]
    For further information visit https://errors.pydantic.dev/2.13/v/string_type
2026-05-20 09:58:29,695 [INFO] rocky_extractor.ollama_client: Retrying in 2.00 seconds due to error: 3 validation errors for MemoryExtractionResult
items.0.confidence
  Input should be a valid string [type=string_type, input_value=0.9, input_type=float]
    For further information visit https://errors.pydantic.dev/2.13/v/string_type
items.1.confidence
  Input should be a valid string [type=string_type, input_value=0.9, input_type=float]
    For further information visit https://errors.pydantic.dev/2.13/v/string_type
items.2.confidence
  Input should be a valid string [type=string_type, input_value=0.9, input_type=float]
    For further information visit https://errors.pydantic.dev/2.13/v/string_type
2026-05-20 09:59:05,081 [INFO] httpx: HTTP Request: POST http://127.0.0.1:11434/api/chat "HTTP/1.1 200 OK"
2026-05-20 09:59:05,085 [INFO] rocky_extractor.pipeline: Extracted 4 memory items.
2026-05-20 09:59:05,085 [INFO] rocky_extractor.pipeline: Extracting behavior...
2026-05-20 09:59:16,886 [INFO] httpx: HTTP Request: POST http://127.0.0.1:11434/api/chat "HTTP/1.1 200 OK"
2026-05-20 09:59:16,889 [INFO] rocky_extractor.pipeline: Extracting knowledge...
2026-05-20 10:00:05,068 [INFO] httpx: HTTP Request: POST http://127.0.0.1:11434/api/chat "HTTP/1.1 200 OK"
2026-05-20 10:00:05,072 [INFO] rocky_extractor.pipeline: Extracted 6 knowledge items.
2026-05-20 10:00:05,072 [INFO] rocky_extractor.pipeline: Extracting relationship...
2026-05-20 10:00:21,472 [INFO] httpx: HTTP Request: POST http://127.0.0.1:11434/api/chat "HTTP/1.1 200 OK"
2026-05-20 10:00:21,476 [INFO] rocky_extractor.pipeline: Extracted 1 relationship items.
2026-05-20 10:00:21,476 [INFO] rocky_extractor.pipeline: 
Processing c4_chunk4 (1147 words)...
2026-05-20 10:00:21,476 [INFO] rocky_extractor.pipeline: Extracting dialogue...
2026-05-20 10:00:33,740 [INFO] httpx: HTTP Request: POST http://127.0.0.1:11434/api/chat "HTTP/1.1 200 OK"
2026-05-20 10:00:33,743 [INFO] rocky_extractor.pipeline: Extracting memory...
2026-05-20 10:01:03,778 [INFO] httpx: HTTP Request: POST http://127.0.0.1:11434/api/chat "HTTP/1.1 200 OK"
2026-05-20 10:01:03,781 [INFO] rocky_extractor.pipeline: Extracted 3 memory items.
2026-05-20 10:01:03,782 [INFO] rocky_extractor.pipeline: Extracting behavior...
2026-05-20 10:01:15,680 [INFO] httpx: HTTP Request: POST http://127.0.0.1:11434/api/chat "HTTP/1.1 200 OK"
2026-05-20 10:01:15,683 [INFO] rocky_extractor.pipeline: Extracting knowledge...
2026-05-20 10:01:52,257 [INFO] httpx: HTTP Request: POST http://127.0.0.1:11434/api/chat "HTTP/1.1 200 OK"
2026-05-20 10:01:52,271 [INFO] rocky_extractor.pipeline: Extracted 8 knowledge items.
2026-05-20 10:01:52,271 [INFO] rocky_extractor.pipeline: Extracting relationship...
2026-05-20 10:02:05,594 [INFO] httpx: HTTP Request: POST http://127.0.0.1:11434/api/chat "HTTP/1.1 200 OK"
2026-05-20 10:02:05,597 [INFO] rocky_extractor.pipeline: Extracted 2 relationship items.
2026-05-20 10:02:05,597 [INFO] rocky_extractor.pipeline: 
Processing c5_chunk1 (2035 words)...
2026-05-20 10:02:05,598 [INFO] rocky_extractor.pipeline: Extracting dialogue...
2026-05-20 10:02:15,308 [INFO] httpx: HTTP Request: POST http://127.0.0.1:11434/api/chat "HTTP/1.1 200 OK"
2026-05-20 10:02:15,319 [INFO] rocky_extractor.pipeline: Extracting memory...
2026-05-20 10:02:52,762 [INFO] httpx: HTTP Request: POST http://127.0.0.1:11434/api/chat "HTTP/1.1 200 OK"
2026-05-20 10:02:52,767 [INFO] rocky_extractor.pipeline: Extracted 4 memory items.
2026-05-20 10:02:52,767 [INFO] rocky_extractor.pipeline: Extracting behavior...
2026-05-20 10:03:01,934 [INFO] httpx: HTTP Request: POST http://127.0.0.1:11434/api/chat "HTTP/1.1 200 OK"
2026-05-20 10:03:01,947 [INFO] rocky_extractor.pipeline: Extracting knowledge...
2026-05-20 10:03:46,173 [INFO] httpx: HTTP Request: POST http://127.0.0.1:11434/api/chat "HTTP/1.1 200 OK"
2026-05-20 10:03:46,176 [INFO] rocky_extractor.pipeline: Extracted 10 knowledge items.
2026-05-20 10:03:46,176 [INFO] rocky_extractor.pipeline: Extracting relationship...
2026-05-20 10:03:55,256 [INFO] httpx: HTTP Request: POST http://127.0.0.1:11434/api/chat "HTTP/1.1 200 OK"
2026-05-20 10:03:55,260 [INFO] rocky_extractor.pipeline: 
Processing c5_chunk2 (2022 words)...
2026-05-20 10:03:55,260 [INFO] rocky_extractor.pipeline: Extracting dialogue...
2026-05-20 10:04:11,157 [INFO] httpx: HTTP Request: POST http://127.0.0.1:11434/api/chat "HTTP/1.1 200 OK"
2026-05-20 10:04:11,160 [INFO] rocky_extractor.pipeline: Extracting memory...
2026-05-20 10:04:22,830 [INFO] httpx: HTTP Request: POST http://127.0.0.1:11434/api/chat "HTTP/1.1 200 OK"
2026-05-20 10:04:22,833 [INFO] rocky_extractor.pipeline: Extracting behavior...
2026-05-20 10:04:33,502 [INFO] httpx: HTTP Request: POST http://127.0.0.1:11434/api/chat "HTTP/1.1 200 OK"
2026-05-20 10:04:33,514 [INFO] rocky_extractor.pipeline: Extracting knowledge...
2026-05-20 10:05:11,858 [INFO] httpx: HTTP Request: POST http://127.0.0.1:11434/api/chat "HTTP/1.1 200 OK"
2026-05-20 10:05:11,862 [INFO] rocky_extractor.pipeline: Extracted 9 knowledge items.
2026-05-20 10:05:11,862 [INFO] rocky_extractor.pipeline: Extracting relationship...
2026-05-20 10:05:22,765 [INFO] httpx: HTTP Request: POST http://127.0.0.1:11434/api/chat "HTTP/1.1 200 OK"
2026-05-20 10:05:22,769 [INFO] rocky_extractor.pipeline: 
Processing c5_chunk3 (2012 words)...
2026-05-20 10:05:22,769 [INFO] rocky_extractor.pipeline: Extracting dialogue...
2026-05-20 10:05:30,721 [INFO] httpx: HTTP Request: POST http://127.0.0.1:11434/api/chat "HTTP/1.1 200 OK"
2026-05-20 10:05:30,732 [INFO] rocky_extractor.pipeline: Extracting memory...
2026-05-20 10:05:40,268 [INFO] httpx: HTTP Request: POST http://127.0.0.1:11434/api/chat "HTTP/1.1 200 OK"
2026-05-20 10:05:40,281 [INFO] rocky_extractor.pipeline: Extracting behavior...
2026-05-20 10:05:47,321 [INFO] httpx: HTTP Request: POST http://127.0.0.1:11434/api/chat "HTTP/1.1 200 OK"
2026-05-20 10:05:47,333 [INFO] rocky_extractor.pipeline: Extracting knowledge...
2026-05-20 10:05:57,078 [INFO] httpx: HTTP Request: POST http://127.0.0.1:11434/api/chat "HTTP/1.1 200 OK"
2026-05-20 10:05:57,082 [INFO] rocky_extractor.pipeline: Extracting relationship...
2026-05-20 10:06:36,784 [INFO] httpx: HTTP Request: POST http://127.0.0.1:11434/api/chat "HTTP/1.1 200 OK"
2026-05-20 10:06:36,787 [INFO] rocky_extractor.pipeline: Extracted 1 relationship items.
2026-05-20 10:06:36,787 [INFO] rocky_extractor.pipeline: 
Processing c5_chunk4 (2007 words)...
2026-05-20 10:06:36,788 [INFO] rocky_extractor.pipeline: Extracting dialogue...
2026-05-20 10:06:45,468 [INFO] httpx: HTTP Request: POST http://127.0.0.1:11434/api/chat "HTTP/1.1 200 OK"
2026-05-20 10:06:45,471 [INFO] rocky_extractor.pipeline: Extracting memory...
2026-05-20 10:07:16,321 [INFO] httpx: HTTP Request: POST http://127.0.0.1:11434/api/chat "HTTP/1.1 200 OK"
2026-05-20 10:07:16,332 [INFO] rocky_extractor.pipeline: Extracted 3 memory items.
2026-05-20 10:07:16,333 [INFO] rocky_extractor.pipeline: Extracting behavior...
2026-05-20 10:07:24,169 [INFO] httpx: HTTP Request: POST http://127.0.0.1:11434/api/chat "HTTP/1.1 200 OK"
2026-05-20 10:07:24,180 [INFO] rocky_extractor.pipeline: Extracting knowledge...
2026-05-20 10:07:56,438 [INFO] httpx: HTTP Request: POST http://127.0.0.1:11434/api/chat "HTTP/1.1 200 OK"
2026-05-20 10:07:56,442 [INFO] rocky_extractor.pipeline: Extracted 7 knowledge items.
2026-05-20 10:07:56,442 [INFO] rocky_extractor.pipeline: Extracting relationship...
2026-05-20 10:08:11,693 [INFO] httpx: HTTP Request: POST http://127.0.0.1:11434/api/chat "HTTP/1.1 200 OK"
2026-05-20 10:08:11,696 [INFO] rocky_extractor.pipeline: Extracted 1 relationship items.
2026-05-20 10:08:11,696 [INFO] rocky_extractor.pipeline: 
Processing c5_chunk5 (1275 words)...
2026-05-20 10:08:11,697 [INFO] rocky_extractor.pipeline: Extracting dialogue...
2026-05-20 10:08:20,519 [INFO] httpx: HTTP Request: POST http://127.0.0.1:11434/api/chat "HTTP/1.1 200 OK"
2026-05-20 10:08:20,523 [INFO] rocky_extractor.pipeline: Extracting memory...
2026-05-20 10:08:29,931 [INFO] httpx: HTTP Request: POST http://127.0.0.1:11434/api/chat "HTTP/1.1 200 OK"
2026-05-20 10:08:29,934 [INFO] rocky_extractor.pipeline: Extracting behavior...
2026-05-20 10:08:37,516 [INFO] httpx: HTTP Request: POST http://127.0.0.1:11434/api/chat "HTTP/1.1 200 OK"
2026-05-20 10:08:37,519 [INFO] rocky_extractor.pipeline: Extracting knowledge...
2026-05-20 10:09:38,468 [INFO] httpx: HTTP Request: POST http://127.0.0.1:11434/api/chat "HTTP/1.1 200 OK"
2026-05-20 10:09:38,471 [INFO] rocky_extractor.pipeline: Extracted 6 knowledge items.
2026-05-20 10:09:38,472 [INFO] rocky_extractor.pipeline: Extracting relationship...
2026-05-20 10:09:49,024 [INFO] httpx: HTTP Request: POST http://127.0.0.1:11434/api/chat "HTTP/1.1 200 OK"
2026-05-20 10:09:49,027 [INFO] rocky_extractor.pipeline: 
Processing c6_chunk1 (2021 words)...
2026-05-20 10:09:49,028 [INFO] rocky_extractor.pipeline: Extracting dialogue...
2026-05-20 10:09:59,364 [INFO] httpx: HTTP Request: POST http://127.0.0.1:11434/api/chat "HTTP/1.1 200 OK"
2026-05-20 10:09:59,367 [INFO] rocky_extractor.pipeline: Extracting memory...
2026-05-20 10:11:01,226 [INFO] httpx: HTTP Request: POST http://127.0.0.1:11434/api/chat "HTTP/1.1 200 OK"
2026-05-20 10:11:01,230 [INFO] rocky_extractor.pipeline: Extracted 5 memory items.
2026-05-20 10:11:01,230 [INFO] rocky_extractor.pipeline: Extracting behavior...
2026-05-20 10:11:10,567 [INFO] httpx: HTTP Request: POST http://127.0.0.1:11434/api/chat "HTTP/1.1 200 OK"
2026-05-20 10:11:10,570 [INFO] rocky_extractor.pipeline: Extracting knowledge...
2026-05-20 10:11:54,331 [INFO] httpx: HTTP Request: POST http://127.0.0.1:11434/api/chat "HTTP/1.1 200 OK"
2026-05-20 10:11:54,335 [INFO] rocky_extractor.pipeline: Extracted 10 knowledge items.
2026-05-20 10:11:54,335 [INFO] rocky_extractor.pipeline: Extracting relationship...
2026-05-20 10:12:04,203 [INFO] httpx: HTTP Request: POST http://127.0.0.1:11434/api/chat "HTTP/1.1 200 OK"
2026-05-20 10:12:04,214 [INFO] rocky_extractor.pipeline: 
Processing c6_chunk2 (2015 words)...
2026-05-20 10:12:04,215 [INFO] rocky_extractor.pipeline: Extracting dialogue...
2026-05-20 10:12:15,057 [INFO] httpx: HTTP Request: POST http://127.0.0.1:11434/api/chat "HTTP/1.1 200 OK"
2026-05-20 10:12:15,061 [INFO] rocky_extractor.pipeline: Extracting memory...
2026-05-20 10:12:53,545 [INFO] httpx: HTTP Request: POST http://127.0.0.1:11434/api/chat "HTTP/1.1 200 OK"
2026-05-20 10:12:53,546 [WARNING] rocky_extractor.ollama_client: JSON schema validation failed on attempt 1: 6 validation errors for MemoryExtractionResult
items.0.engineering_relevance
  Input should be a valid string [type=string_type, input_value=False, input_type=bool]
    For further information visit https://errors.pydantic.dev/2.13/v/string_type
items.0.knowledge_learned
  Input should be a valid list [type=list_type, input_value='The risks of prolonged c... psychological effects.', input_type=str]
    For further information visit https://errors.pydantic.dev/2.13/v/list_type
items.1.engineering_relevance
  Input should be a valid string [type=string_type, input_value=True, input_type=bool]
    For further information visit https://errors.pydantic.dev/2.13/v/string_type
items.1.knowledge_learned
  Input should be a valid list [type=list_type, input_value='Methods for creating and... Astrophage production.', input_type=str]
    For further information visit https://errors.pydantic.dev/2.13/v/list_type
items.2.engineering_relevance
  Input should be a valid string [type=string_type, input_value=True, input_type=bool]
    For further information visit https://errors.pydantic.dev/2.13/v/string_type
items.2.knowledge_learned
  Input should be a valid list [type=list_type, input_value='Genetic basis for coma r...ns and primate studies.', input_type=str]
    For further information visit https://errors.pydantic.dev/2.13/v/list_type
2026-05-20 10:12:53,546 [INFO] rocky_extractor.ollama_client: Retrying in 2.00 seconds due to error: 6 validation errors for MemoryExtractionResult
items.0.engineering_relevance
  Input should be a valid string [type=string_type, input_value=False, input_type=bool]
    For further information visit https://errors.pydantic.dev/2.13/v/string_type
items.0.knowledge_learned
  Input should be a valid list [type=list_type, input_value='The risks of prolonged c... psychological effects.', input_type=str]
    For further information visit https://errors.pydantic.dev/2.13/v/list_type
items.1.engineering_relevance
  Input should be a valid string [type=string_type, input_value=True, input_type=bool]
    For further information visit https://errors.pydantic.dev/2.13/v/string_type
items.1.knowledge_learned
  Input should be a valid list [type=list_type, input_value='Methods for creating and... Astrophage production.', input_type=str]
    For further information visit https://errors.pydantic.dev/2.13/v/list_type
items.2.engineering_relevance
  Input should be a valid string [type=string_type, input_value=True, input_type=bool]
    For further information visit https://errors.pydantic.dev/2.13/v/string_type
items.2.knowledge_learned
  Input should be a valid list [type=list_type, input_value='Genetic basis for coma r...ns and primate studies.', input_type=str]
    For further information visit https://errors.pydantic.dev/2.13/v/list_type
2026-05-20 10:13:35,790 [INFO] httpx: HTTP Request: POST http://127.0.0.1:11434/api/chat "HTTP/1.1 200 OK"
2026-05-20 10:13:35,792 [INFO] rocky_extractor.pipeline: Extracted 2 memory items.
2026-05-20 10:13:35,793 [INFO] rocky_extractor.pipeline: Extracting behavior...
2026-05-20 10:13:45,388 [INFO] httpx: HTTP Request: POST http://127.0.0.1:11434/api/chat "HTTP/1.1 200 OK"
2026-05-20 10:13:45,391 [INFO] rocky_extractor.pipeline: Extracting knowledge...
2026-05-20 10:14:27,773 [INFO] httpx: HTTP Request: POST http://127.0.0.1:11434/api/chat "HTTP/1.1 200 OK"
2026-05-20 10:14:27,786 [INFO] rocky_extractor.pipeline: Extracted 9 knowledge items.
2026-05-20 10:14:27,787 [INFO] rocky_extractor.pipeline: Extracting relationship...
2026-05-20 10:14:39,702 [INFO] httpx: HTTP Request: POST http://127.0.0.1:11434/api/chat "HTTP/1.1 200 OK"
2026-05-20 10:14:39,705 [INFO] rocky_extractor.pipeline: 
Processing c6_chunk3 (2000 words)...
2026-05-20 10:14:39,705 [INFO] rocky_extractor.pipeline: Extracting dialogue...
2026-05-20 10:14:52,240 [INFO] httpx: HTTP Request: POST http://127.0.0.1:11434/api/chat "HTTP/1.1 200 OK"
2026-05-20 10:14:52,243 [INFO] rocky_extractor.pipeline: Extracting memory...
2026-05-20 10:15:24,094 [INFO] httpx: HTTP Request: POST http://127.0.0.1:11434/api/chat "HTTP/1.1 200 OK"
2026-05-20 10:15:24,098 [INFO] rocky_extractor.pipeline: Extracted 4 memory items.
2026-05-20 10:15:24,099 [INFO] rocky_extractor.pipeline: Extracting behavior...
2026-05-20 10:15:36,696 [INFO] httpx: HTTP Request: POST http://127.0.0.1:11434/api/chat "HTTP/1.1 200 OK"
2026-05-20 10:15:36,698 [INFO] rocky_extractor.pipeline: Extracting knowledge...
2026-05-20 10:16:11,376 [INFO] httpx: HTTP Request: POST http://127.0.0.1:11434/api/chat "HTTP/1.1 200 OK"
2026-05-20 10:16:11,389 [INFO] rocky_extractor.pipeline: Extracted 8 knowledge items.
2026-05-20 10:16:11,390 [INFO] rocky_extractor.pipeline: Extracting relationship...
2026-05-20 10:16:34,860 [INFO] httpx: HTTP Request: POST http://127.0.0.1:11434/api/chat "HTTP/1.1 200 OK"
2026-05-20 10:16:34,863 [INFO] rocky_extractor.pipeline: Extracted 1 relationship items.
2026-05-20 10:16:34,864 [INFO] rocky_extractor.pipeline: 
Processing c6_chunk4 (1773 words)...
2026-05-20 10:16:34,864 [INFO] rocky_extractor.pipeline: Extracting dialogue...
2026-05-20 10:16:57,878 [INFO] httpx: HTTP Request: POST http://127.0.0.1:11434/api/chat "HTTP/1.1 200 OK"
2026-05-20 10:16:57,890 [INFO] rocky_extractor.pipeline: Extracting memory...
2026-05-20 10:17:45,619 [INFO] httpx: HTTP Request: POST http://127.0.0.1:11434/api/chat "HTTP/1.1 200 OK"
2026-05-20 10:17:45,622 [INFO] rocky_extractor.pipeline: Extracted 6 memory items.
2026-05-20 10:17:45,623 [INFO] rocky_extractor.pipeline: Extracting behavior...
2026-05-20 10:17:56,034 [INFO] httpx: HTTP Request: POST http://127.0.0.1:11434/api/chat "HTTP/1.1 200 OK"
2026-05-20 10:17:56,048 [INFO] rocky_extractor.pipeline: Extracting knowledge...
2026-05-20 10:18:34,400 [INFO] httpx: HTTP Request: POST http://127.0.0.1:11434/api/chat "HTTP/1.1 200 OK"
2026-05-20 10:18:34,403 [INFO] rocky_extractor.pipeline: Extracted 7 knowledge items.
2026-05-20 10:18:34,403 [INFO] rocky_extractor.pipeline: Extracting relationship...
2026-05-20 10:18:43,464 [INFO] httpx: HTTP Request: POST http://127.0.0.1:11434/api/chat "HTTP/1.1 200 OK"
2026-05-20 10:18:43,477 [INFO] rocky_extractor.pipeline: 
Processing c7_chunk1 (2030 words)...
2026-05-20 10:18:43,477 [INFO] rocky_extractor.pipeline: Extracting dialogue...
2026-05-20 10:19:00,616 [INFO] httpx: HTTP Request: POST http://127.0.0.1:11434/api/chat "HTTP/1.1 200 OK"
2026-05-20 10:19:00,620 [INFO] rocky_extractor.pipeline: Extracting memory...
2026-05-20 10:19:47,939 [INFO] httpx: HTTP Request: POST http://127.0.0.1:11434/api/chat "HTTP/1.1 200 OK"
2026-05-20 10:19:47,942 [INFO] rocky_extractor.pipeline: Extracted 3 memory items.
2026-05-20 10:19:47,942 [INFO] rocky_extractor.pipeline: Extracting behavior...
2026-05-20 10:19:56,280 [INFO] httpx: HTTP Request: POST http://127.0.0.1:11434/api/chat "HTTP/1.1 200 OK"
2026-05-20 10:19:56,284 [INFO] rocky_extractor.pipeline: Extracting knowledge...
2026-05-20 10:20:36,529 [INFO] httpx: HTTP Request: POST http://127.0.0.1:11434/api/chat "HTTP/1.1 200 OK"
2026-05-20 10:20:36,532 [INFO] rocky_extractor.pipeline: Extracted 11 knowledge items.
2026-05-20 10:20:36,533 [INFO] rocky_extractor.pipeline: Extracting relationship...
2026-05-20 10:20:46,269 [INFO] httpx: HTTP Request: POST http://127.0.0.1:11434/api/chat "HTTP/1.1 200 OK"
2026-05-20 10:20:46,273 [INFO] rocky_extractor.pipeline: 
Processing c7_chunk2 (2017 words)...
2026-05-20 10:20:46,273 [INFO] rocky_extractor.pipeline: Extracting dialogue...
2026-05-20 10:21:10,282 [INFO] httpx: HTTP Request: POST http://127.0.0.1:11434/api/chat "HTTP/1.1 200 OK"
2026-05-20 10:21:10,285 [INFO] rocky_extractor.pipeline: Extracting memory...
2026-05-20 10:22:00,418 [INFO] httpx: HTTP Request: POST http://127.0.0.1:11434/api/chat "HTTP/1.1 200 OK"
2026-05-20 10:22:00,422 [INFO] rocky_extractor.pipeline: Extracted 4 memory items.
2026-05-20 10:22:00,422 [INFO] rocky_extractor.pipeline: Extracting behavior...
2026-05-20 10:22:13,399 [INFO] httpx: HTTP Request: POST http://127.0.0.1:11434/api/chat "HTTP/1.1 200 OK"
2026-05-20 10:22:13,410 [INFO] rocky_extractor.pipeline: Extracting knowledge...
2026-05-20 10:23:07,149 [INFO] httpx: HTTP Request: POST http://127.0.0.1:11434/api/chat "HTTP/1.1 200 OK"
2026-05-20 10:23:07,162 [INFO] rocky_extractor.pipeline: Extracted 15 knowledge items.
2026-05-20 10:23:07,163 [INFO] rocky_extractor.pipeline: Extracting relationship...
2026-05-20 10:23:16,350 [INFO] httpx: HTTP Request: POST http://127.0.0.1:11434/api/chat "HTTP/1.1 200 OK"
2026-05-20 10:23:16,353 [INFO] rocky_extractor.pipeline: 
Processing c7_chunk3 (1341 words)...
2026-05-20 10:23:16,354 [INFO] rocky_extractor.pipeline: Extracting dialogue...
2026-05-20 10:23:29,294 [INFO] httpx: HTTP Request: POST http://127.0.0.1:11434/api/chat "HTTP/1.1 200 OK"
2026-05-20 10:23:29,308 [INFO] rocky_extractor.pipeline: Extracting memory...
2026-05-20 10:24:07,408 [INFO] httpx: HTTP Request: POST http://127.0.0.1:11434/api/chat "HTTP/1.1 200 OK"
2026-05-20 10:24:07,412 [INFO] rocky_extractor.pipeline: Extracted 3 memory items.
2026-05-20 10:24:07,412 [INFO] rocky_extractor.pipeline: Extracting behavior...
2026-05-20 10:24:15,828 [INFO] httpx: HTTP Request: POST http://127.0.0.1:11434/api/chat "HTTP/1.1 200 OK"
2026-05-20 10:24:15,840 [INFO] rocky_extractor.pipeline: Extracting knowledge...
2026-05-20 10:25:15,192 [INFO] httpx: HTTP Request: POST http://127.0.0.1:11434/api/chat "HTTP/1.1 200 OK"
2026-05-20 10:25:15,196 [INFO] rocky_extractor.pipeline: Extracted 12 knowledge items.
2026-05-20 10:25:15,196 [INFO] rocky_extractor.pipeline: Extracting relationship...
2026-05-20 10:25:25,346 [INFO] httpx: HTTP Request: POST http://127.0.0.1:11434/api/chat "HTTP/1.1 200 OK"
2026-05-20 10:25:25,349 [INFO] rocky_extractor.pipeline: 
Processing c8_chunk1 (2040 words)...
2026-05-20 10:25:25,349 [INFO] rocky_extractor.pipeline: Extracting dialogue...
2026-05-20 10:26:02,965 [INFO] httpx: HTTP Request: POST http://127.0.0.1:11434/api/chat "HTTP/1.1 200 OK"
2026-05-20 10:26:02,969 [INFO] rocky_extractor.pipeline: Extracting memory...
2026-05-20 10:26:28,323 [INFO] httpx: HTTP Request: POST http://127.0.0.1:11434/api/chat "HTTP/1.1 200 OK"
2026-05-20 10:26:28,327 [INFO] rocky_extractor.pipeline: Extracted 2 memory items.
2026-05-20 10:26:28,327 [INFO] rocky_extractor.pipeline: Extracting behavior...
2026-05-20 10:26:45,340 [INFO] httpx: HTTP Request: POST http://127.0.0.1:11434/api/chat "HTTP/1.1 200 OK"
2026-05-20 10:26:45,343 [INFO] rocky_extractor.pipeline: Extracting knowledge...
2026-05-20 10:27:11,352 [INFO] httpx: HTTP Request: POST http://127.0.0.1:11434/api/chat "HTTP/1.1 200 OK"
2026-05-20 10:27:11,355 [INFO] rocky_extractor.pipeline: Extracted 4 knowledge items.
2026-05-20 10:27:11,355 [INFO] rocky_extractor.pipeline: Extracting relationship...
2026-05-20 10:27:59,752 [INFO] httpx: HTTP Request: POST http://127.0.0.1:11434/api/chat "HTTP/1.1 200 OK"
2026-05-20 10:27:59,756 [INFO] rocky_extractor.pipeline: Extracted 3 relationship items.
2026-05-20 10:27:59,756 [INFO] rocky_extractor.pipeline: 
Processing c8_chunk2 (2037 words)...
2026-05-20 10:27:59,757 [INFO] rocky_extractor.pipeline: Extracting dialogue...
2026-05-20 10:28:17,207 [INFO] httpx: HTTP Request: POST http://127.0.0.1:11434/api/chat "HTTP/1.1 200 OK"
2026-05-20 10:28:17,211 [INFO] rocky_extractor.pipeline: Extracting memory...
2026-05-20 10:28:47,638 [INFO] httpx: HTTP Request: POST http://127.0.0.1:11434/api/chat "HTTP/1.1 200 OK"
2026-05-20 10:28:47,641 [INFO] rocky_extractor.pipeline: Extracted 4 memory items.
2026-05-20 10:28:47,642 [INFO] rocky_extractor.pipeline: Extracting behavior...
2026-05-20 10:29:00,294 [INFO] httpx: HTTP Request: POST http://127.0.0.1:11434/api/chat "HTTP/1.1 200 OK"
2026-05-20 10:29:00,296 [INFO] rocky_extractor.pipeline: Extracting knowledge...
2026-05-20 10:29:36,819 [INFO] httpx: HTTP Request: POST http://127.0.0.1:11434/api/chat "HTTP/1.1 200 OK"
2026-05-20 10:29:36,822 [INFO] rocky_extractor.pipeline: Extracted 7 knowledge items.
2026-05-20 10:29:36,822 [INFO] rocky_extractor.pipeline: Extracting relationship...
2026-05-20 10:29:48,979 [INFO] httpx: HTTP Request: POST http://127.0.0.1:11434/api/chat "HTTP/1.1 200 OK"
2026-05-20 10:29:48,982 [INFO] rocky_extractor.pipeline: 
Processing c8_chunk3 (2042 words)...
2026-05-20 10:29:48,983 [INFO] rocky_extractor.pipeline: Extracting dialogue...
2026-05-20 10:30:02,072 [INFO] httpx: HTTP Request: POST http://127.0.0.1:11434/api/chat "HTTP/1.1 200 OK"
2026-05-20 10:30:02,075 [INFO] rocky_extractor.pipeline: Extracting memory...
2026-05-20 10:30:43,760 [INFO] httpx: HTTP Request: POST http://127.0.0.1:11434/api/chat "HTTP/1.1 200 OK"
2026-05-20 10:30:43,774 [INFO] rocky_extractor.pipeline: Extracted 6 memory items.
2026-05-20 10:30:43,774 [INFO] rocky_extractor.pipeline: Extracting behavior...
2026-05-20 10:30:54,602 [INFO] httpx: HTTP Request: POST http://127.0.0.1:11434/api/chat "HTTP/1.1 200 OK"
2026-05-20 10:30:54,605 [INFO] rocky_extractor.pipeline: Extracting knowledge...
2026-05-20 10:31:30,681 [INFO] httpx: HTTP Request: POST http://127.0.0.1:11434/api/chat "HTTP/1.1 200 OK"
2026-05-20 10:31:30,684 [INFO] rocky_extractor.pipeline: Extracted 10 knowledge items.
2026-05-20 10:31:30,684 [INFO] rocky_extractor.pipeline: Extracting relationship...
2026-05-20 10:31:40,534 [INFO] httpx: HTTP Request: POST http://127.0.0.1:11434/api/chat "HTTP/1.1 200 OK"
2026-05-20 10:31:40,548 [INFO] rocky_extractor.pipeline: 
Processing c8_chunk4 (561 words)...
2026-05-20 10:31:40,548 [INFO] rocky_extractor.pipeline: Extracting dialogue...
2026-05-20 10:32:05,981 [INFO] httpx: HTTP Request: POST http://127.0.0.1:11434/api/chat "HTTP/1.1 200 OK"
2026-05-20 10:32:05,984 [INFO] rocky_extractor.pipeline: Extracting memory...
2026-05-20 10:32:28,183 [INFO] httpx: HTTP Request: POST http://127.0.0.1:11434/api/chat "HTTP/1.1 200 OK"
2026-05-20 10:32:28,185 [INFO] rocky_extractor.pipeline: Extracted 3 memory items.
2026-05-20 10:32:28,186 [INFO] rocky_extractor.pipeline: Extracting behavior...
2026-05-20 10:32:36,380 [INFO] httpx: HTTP Request: POST http://127.0.0.1:11434/api/chat "HTTP/1.1 200 OK"
2026-05-20 10:32:36,383 [INFO] rocky_extractor.pipeline: Extracting knowledge...
2026-05-20 10:33:04,706 [INFO] httpx: HTTP Request: POST http://127.0.0.1:11434/api/chat "HTTP/1.1 200 OK"
2026-05-20 10:33:04,710 [INFO] rocky_extractor.pipeline: Extracted 7 knowledge items.
2026-05-20 10:33:04,710 [INFO] rocky_extractor.pipeline: Extracting relationship...
2026-05-20 10:33:13,364 [INFO] httpx: HTTP Request: POST http://127.0.0.1:11434/api/chat "HTTP/1.1 200 OK"
2026-05-20 10:33:13,367 [INFO] rocky_extractor.pipeline: 
Processing c9_chunk1 (2025 words)...
2026-05-20 10:33:13,368 [INFO] rocky_extractor.pipeline: Extracting dialogue...
2026-05-20 10:33:29,452 [INFO] httpx: HTTP Request: POST http://127.0.0.1:11434/api/chat "HTTP/1.1 200 OK"
2026-05-20 10:33:29,455 [INFO] rocky_extractor.pipeline: Extracting memory...
2026-05-20 10:33:59,976 [INFO] httpx: HTTP Request: POST http://127.0.0.1:11434/api/chat "HTTP/1.1 200 OK"
2026-05-20 10:33:59,980 [INFO] rocky_extractor.pipeline: Extracted 4 memory items.
2026-05-20 10:33:59,980 [INFO] rocky_extractor.pipeline: Extracting behavior...
2026-05-20 10:34:12,633 [INFO] httpx: HTTP Request: POST http://127.0.0.1:11434/api/chat "HTTP/1.1 200 OK"
2026-05-20 10:34:12,644 [INFO] rocky_extractor.pipeline: Extracting knowledge...
2026-05-20 10:34:57,039 [INFO] httpx: HTTP Request: POST http://127.0.0.1:11434/api/chat "HTTP/1.1 200 OK"
2026-05-20 10:34:57,043 [INFO] rocky_extractor.pipeline: Extracted 8 knowledge items.
2026-05-20 10:34:57,043 [INFO] rocky_extractor.pipeline: Extracting relationship...
2026-05-20 10:35:27,969 [INFO] httpx: HTTP Request: POST http://127.0.0.1:11434/api/chat "HTTP/1.1 200 OK"
2026-05-20 10:35:27,972 [INFO] rocky_extractor.pipeline: 
Processing c9_chunk2 (2006 words)...
2026-05-20 10:35:27,972 [INFO] rocky_extractor.pipeline: Extracting dialogue...
2026-05-20 10:35:37,516 [INFO] httpx: HTTP Request: POST http://127.0.0.1:11434/api/chat "HTTP/1.1 200 OK"
2026-05-20 10:35:37,520 [INFO] rocky_extractor.pipeline: Extracting memory...
2026-05-20 10:36:13,062 [INFO] httpx: HTTP Request: POST http://127.0.0.1:11434/api/chat "HTTP/1.1 200 OK"
2026-05-20 10:36:13,075 [INFO] rocky_extractor.pipeline: Extracted 5 memory items.
2026-05-20 10:36:13,075 [INFO] rocky_extractor.pipeline: Extracting behavior...
2026-05-20 10:36:21,219 [INFO] httpx: HTTP Request: POST http://127.0.0.1:11434/api/chat "HTTP/1.1 200 OK"
2026-05-20 10:36:21,231 [INFO] rocky_extractor.pipeline: Extracting knowledge...
2026-05-20 10:37:01,716 [INFO] httpx: HTTP Request: POST http://127.0.0.1:11434/api/chat "HTTP/1.1 200 OK"
2026-05-20 10:37:01,720 [INFO] rocky_extractor.pipeline: Extracted 5 knowledge items.
2026-05-20 10:37:01,720 [INFO] rocky_extractor.pipeline: Extracting relationship...
2026-05-20 10:37:26,125 [INFO] httpx: HTTP Request: POST http://127.0.0.1:11434/api/chat "HTTP/1.1 200 OK"
2026-05-20 10:37:26,129 [INFO] rocky_extractor.pipeline: 
Processing c9_chunk3 (1167 words)...
2026-05-20 10:37:26,129 [INFO] rocky_extractor.pipeline: Extracting dialogue...
2026-05-20 10:37:50,778 [INFO] httpx: HTTP Request: POST http://127.0.0.1:11434/api/chat "HTTP/1.1 200 OK"
2026-05-20 10:37:50,789 [INFO] rocky_extractor.pipeline: Extracted 2 dialogue items.
2026-05-20 10:37:50,790 [INFO] rocky_extractor.pipeline: Extracting memory...
2026-05-20 10:37:59,966 [INFO] httpx: HTTP Request: POST http://127.0.0.1:11434/api/chat "HTTP/1.1 200 OK"
2026-05-20 10:37:59,970 [INFO] rocky_extractor.pipeline: Extracting behavior...
2026-05-20 10:38:10,902 [INFO] httpx: HTTP Request: POST http://127.0.0.1:11434/api/chat "HTTP/1.1 200 OK"
2026-05-20 10:38:10,906 [INFO] rocky_extractor.pipeline: Extracting knowledge...
2026-05-20 10:38:43,434 [INFO] httpx: HTTP Request: POST http://127.0.0.1:11434/api/chat "HTTP/1.1 200 OK"
2026-05-20 10:38:43,438 [INFO] rocky_extractor.pipeline: Extracted 8 knowledge items.
2026-05-20 10:38:43,438 [INFO] rocky_extractor.pipeline: Extracting relationship...
2026-05-20 10:38:52,477 [INFO] httpx: HTTP Request: POST http://127.0.0.1:11434/api/chat "HTTP/1.1 200 OK"
2026-05-20 10:38:52,481 [INFO] rocky_extractor.pipeline: 
Processing c10_chunk1 (2034 words)...
2026-05-20 10:38:52,481 [INFO] rocky_extractor.pipeline: Extracting dialogue...
2026-05-20 10:39:17,759 [INFO] httpx: HTTP Request: POST http://127.0.0.1:11434/api/chat "HTTP/1.1 200 OK"
2026-05-20 10:39:17,762 [INFO] rocky_extractor.pipeline: Extracted 1 dialogue items.
2026-05-20 10:39:17,762 [INFO] rocky_extractor.pipeline: Extracting memory...
2026-05-20 10:39:55,038 [INFO] httpx: HTTP Request: POST http://127.0.0.1:11434/api/chat "HTTP/1.1 200 OK"
2026-05-20 10:39:55,042 [INFO] rocky_extractor.pipeline: Extracted 6 memory items.
2026-05-20 10:39:55,042 [INFO] rocky_extractor.pipeline: Extracting behavior...
2026-05-20 10:40:42,109 [INFO] httpx: HTTP Request: POST http://127.0.0.1:11434/api/chat "HTTP/1.1 200 OK"
2026-05-20 10:40:42,112 [INFO] rocky_extractor.pipeline: Extracted 4 behavior items.
2026-05-20 10:40:42,112 [INFO] rocky_extractor.pipeline: Extracting knowledge...
2026-05-20 10:41:20,125 [INFO] httpx: HTTP Request: POST http://127.0.0.1:11434/api/chat "HTTP/1.1 200 OK"
2026-05-20 10:41:20,128 [INFO] rocky_extractor.pipeline: Extracted 5 knowledge items.
2026-05-20 10:41:20,129 [INFO] rocky_extractor.pipeline: Extracting relationship...
2026-05-20 10:41:30,456 [INFO] httpx: HTTP Request: POST http://127.0.0.1:11434/api/chat "HTTP/1.1 200 OK"
2026-05-20 10:41:30,458 [INFO] rocky_extractor.pipeline: 
Processing c10_chunk2 (2030 words)...
2026-05-20 10:41:30,459 [INFO] rocky_extractor.pipeline: Extracting dialogue...
2026-05-20 10:42:14,342 [INFO] httpx: HTTP Request: POST http://127.0.0.1:11434/api/chat "HTTP/1.1 200 OK"
2026-05-20 10:42:14,345 [INFO] rocky_extractor.pipeline: Extracted 4 dialogue items.
2026-05-20 10:42:14,346 [INFO] rocky_extractor.pipeline: Extracting memory...
2026-05-20 10:42:59,791 [INFO] httpx: HTTP Request: POST http://127.0.0.1:11434/api/chat "HTTP/1.1 200 OK"
2026-05-20 10:42:59,794 [INFO] rocky_extractor.pipeline: Extracted 4 memory items.
2026-05-20 10:42:59,794 [INFO] rocky_extractor.pipeline: Extracting behavior...
2026-05-20 10:43:32,986 [INFO] httpx: HTTP Request: POST http://127.0.0.1:11434/api/chat "HTTP/1.1 200 OK"
2026-05-20 10:43:32,990 [INFO] rocky_extractor.pipeline: Extracted 6 behavior items.
2026-05-20 10:43:32,990 [INFO] rocky_extractor.pipeline: Extracting knowledge...
2026-05-20 10:44:07,689 [INFO] httpx: HTTP Request: POST http://127.0.0.1:11434/api/chat "HTTP/1.1 200 OK"
2026-05-20 10:44:07,692 [INFO] rocky_extractor.pipeline: Extracted 8 knowledge items.
2026-05-20 10:44:07,692 [INFO] rocky_extractor.pipeline: Extracting relationship...
2026-05-20 10:44:22,889 [INFO] httpx: HTTP Request: POST http://127.0.0.1:11434/api/chat "HTTP/1.1 200 OK"
2026-05-20 10:44:22,900 [INFO] rocky_extractor.pipeline: Extracted 1 relationship items.
2026-05-20 10:44:22,900 [INFO] rocky_extractor.pipeline: 
Processing c10_chunk3 (1992 words)...
2026-05-20 10:44:22,901 [INFO] rocky_extractor.pipeline: Extracting dialogue...
2026-05-20 10:44:52,523 [INFO] httpx: HTTP Request: POST http://127.0.0.1:11434/api/chat "HTTP/1.1 200 OK"
2026-05-20 10:44:52,536 [INFO] rocky_extractor.pipeline: Extracted 4 dialogue items.
2026-05-20 10:44:52,537 [INFO] rocky_extractor.pipeline: Extracting memory...
2026-05-20 10:45:24,471 [INFO] httpx: HTTP Request: POST http://127.0.0.1:11434/api/chat "HTTP/1.1 200 OK"
2026-05-20 10:45:24,474 [INFO] rocky_extractor.pipeline: Extracted 5 memory items.
2026-05-20 10:45:24,475 [INFO] rocky_extractor.pipeline: Extracting behavior...
2026-05-20 10:46:06,906 [INFO] httpx: HTTP Request: POST http://127.0.0.1:11434/api/chat "HTTP/1.1 200 OK"
2026-05-20 10:46:06,910 [INFO] rocky_extractor.pipeline: Extracted 12 behavior items.
2026-05-20 10:46:06,910 [INFO] rocky_extractor.pipeline: Extracting knowledge...
2026-05-20 10:47:00,347 [INFO] httpx: HTTP Request: POST http://127.0.0.1:11434/api/chat "HTTP/1.1 200 OK"
2026-05-20 10:47:00,351 [INFO] rocky_extractor.pipeline: Extracted 3 knowledge items.
2026-05-20 10:47:00,351 [INFO] rocky_extractor.pipeline: Extracting relationship...
2026-05-20 10:47:23,258 [INFO] httpx: HTTP Request: POST http://127.0.0.1:11434/api/chat "HTTP/1.1 200 OK"
2026-05-20 10:47:23,261 [INFO] rocky_extractor.pipeline: Extracted 3 relationship items.
2026-05-20 10:47:23,261 [INFO] rocky_extractor.pipeline: 
Processing c11_chunk1 (2001 words)...
2026-05-20 10:47:23,262 [INFO] rocky_extractor.pipeline: Extracting dialogue...
2026-05-20 10:47:58,499 [INFO] httpx: HTTP Request: POST http://127.0.0.1:11434/api/chat "HTTP/1.1 200 OK"
2026-05-20 10:47:58,502 [INFO] rocky_extractor.pipeline: Extracted 2 dialogue items.
2026-05-20 10:47:58,502 [INFO] rocky_extractor.pipeline: Extracting memory...
2026-05-20 10:48:27,221 [INFO] httpx: HTTP Request: POST http://127.0.0.1:11434/api/chat "HTTP/1.1 200 OK"
2026-05-20 10:48:27,224 [INFO] rocky_extractor.pipeline: Extracted 3 memory items.
2026-05-20 10:48:27,224 [INFO] rocky_extractor.pipeline: Extracting behavior...
2026-05-20 10:49:09,235 [INFO] httpx: HTTP Request: POST http://127.0.0.1:11434/api/chat "HTTP/1.1 200 OK"
2026-05-20 10:49:09,248 [INFO] rocky_extractor.pipeline: Extracted 7 behavior items.
2026-05-20 10:49:09,248 [INFO] rocky_extractor.pipeline: Extracting knowledge...
2026-05-20 10:49:41,574 [INFO] httpx: HTTP Request: POST http://127.0.0.1:11434/api/chat "HTTP/1.1 200 OK"
2026-05-20 10:49:41,578 [INFO] rocky_extractor.pipeline: Extracted 7 knowledge items.
2026-05-20 10:49:41,578 [INFO] rocky_extractor.pipeline: Extracting relationship...
2026-05-20 10:50:10,373 [INFO] httpx: HTTP Request: POST http://127.0.0.1:11434/api/chat "HTTP/1.1 200 OK"
2026-05-20 10:50:10,385 [INFO] rocky_extractor.pipeline: Extracted 5 relationship items.
2026-05-20 10:50:10,386 [INFO] rocky_extractor.pipeline: 
Processing c11_chunk2 (2022 words)...
2026-05-20 10:50:10,387 [INFO] rocky_extractor.pipeline: Extracting dialogue...
2026-05-20 10:50:42,697 [INFO] httpx: HTTP Request: POST http://127.0.0.1:11434/api/chat "HTTP/1.1 200 OK"
2026-05-20 10:50:42,700 [INFO] rocky_extractor.pipeline: Extracted 2 dialogue items.
2026-05-20 10:50:42,700 [INFO] rocky_extractor.pipeline: Extracting memory...
2026-05-20 10:51:19,124 [INFO] httpx: HTTP Request: POST http://127.0.0.1:11434/api/chat "HTTP/1.1 200 OK"
2026-05-20 10:51:19,127 [INFO] rocky_extractor.pipeline: Extracted 4 memory items.
2026-05-20 10:51:19,128 [INFO] rocky_extractor.pipeline: Extracting behavior...
2026-05-20 10:51:48,247 [INFO] httpx: HTTP Request: POST http://127.0.0.1:11434/api/chat "HTTP/1.1 200 OK"
2026-05-20 10:51:48,250 [INFO] rocky_extractor.pipeline: Extracted 6 behavior items.
2026-05-20 10:51:48,251 [INFO] rocky_extractor.pipeline: Extracting knowledge...
2026-05-20 10:53:08,563 [INFO] httpx: HTTP Request: POST http://127.0.0.1:11434/api/chat "HTTP/1.1 200 OK"
2026-05-20 10:53:08,566 [INFO] rocky_extractor.pipeline: Extracted 5 knowledge items.
2026-05-20 10:53:08,566 [INFO] rocky_extractor.pipeline: Extracting relationship...
2026-05-20 10:53:29,521 [INFO] httpx: HTTP Request: POST http://127.0.0.1:11434/api/chat "HTTP/1.1 200 OK"
2026-05-20 10:53:29,534 [INFO] rocky_extractor.pipeline: Extracted 1 relationship items.
2026-05-20 10:53:29,535 [INFO] rocky_extractor.pipeline: 
Processing c11_chunk3 (586 words)...
2026-05-20 10:53:29,535 [INFO] rocky_extractor.pipeline: Extracting dialogue...
2026-05-20 10:53:41,936 [INFO] httpx: HTTP Request: POST http://127.0.0.1:11434/api/chat "HTTP/1.1 200 OK"
2026-05-20 10:53:41,940 [INFO] rocky_extractor.pipeline: Extracting memory...
2026-05-20 10:53:54,424 [INFO] httpx: HTTP Request: POST http://127.0.0.1:11434/api/chat "HTTP/1.1 200 OK"
2026-05-20 10:53:54,435 [INFO] rocky_extractor.pipeline: Extracting behavior...
2026-05-20 10:54:12,456 [INFO] httpx: HTTP Request: POST http://127.0.0.1:11434/api/chat "HTTP/1.1 200 OK"
2026-05-20 10:54:12,467 [INFO] rocky_extractor.pipeline: Extracting knowledge...
2026-05-20 10:54:45,947 [INFO] httpx: HTTP Request: POST http://127.0.0.1:11434/api/chat "HTTP/1.1 200 OK"
2026-05-20 10:54:45,960 [INFO] rocky_extractor.pipeline: Extracted 7 knowledge items.
2026-05-20 10:54:45,961 [INFO] rocky_extractor.pipeline: Extracting relationship...
2026-05-20 10:54:58,223 [INFO] httpx: HTTP Request: POST http://127.0.0.1:11434/api/chat "HTTP/1.1 200 OK"
2026-05-20 10:54:58,226 [INFO] rocky_extractor.pipeline: Extracted 1 relationship items.
2026-05-20 10:54:58,227 [INFO] rocky_extractor.pipeline: 
Processing c12_chunk1 (2015 words)...
2026-05-20 10:54:58,227 [INFO] rocky_extractor.pipeline: Extracting dialogue...
2026-05-20 10:55:39,798 [INFO] httpx: HTTP Request: POST http://127.0.0.1:11434/api/chat "HTTP/1.1 200 OK"
2026-05-20 10:55:39,810 [INFO] rocky_extractor.pipeline: Extracted 7 dialogue items.
2026-05-20 10:55:39,811 [INFO] rocky_extractor.pipeline: Extracting memory...
2026-05-20 10:56:14,962 [INFO] httpx: HTTP Request: POST http://127.0.0.1:11434/api/chat "HTTP/1.1 200 OK"
2026-05-20 10:56:14,965 [INFO] rocky_extractor.pipeline: Extracted 5 memory items.
2026-05-20 10:56:14,966 [INFO] rocky_extractor.pipeline: Extracting behavior...
2026-05-20 10:56:46,757 [INFO] httpx: HTTP Request: POST http://127.0.0.1:11434/api/chat "HTTP/1.1 200 OK"
2026-05-20 10:56:46,761 [INFO] rocky_extractor.pipeline: Extracted 8 behavior items.
2026-05-20 10:56:46,761 [INFO] rocky_extractor.pipeline: Extracting knowledge...
2026-05-20 10:57:46,795 [INFO] httpx: HTTP Request: POST http://127.0.0.1:11434/api/chat "HTTP/1.1 200 OK"
2026-05-20 10:57:46,807 [INFO] rocky_extractor.pipeline: Extracted 5 knowledge items.
2026-05-20 10:57:46,807 [INFO] rocky_extractor.pipeline: Extracting relationship...
2026-05-20 10:58:12,595 [INFO] httpx: HTTP Request: POST http://127.0.0.1:11434/api/chat "HTTP/1.1 200 OK"
2026-05-20 10:58:12,598 [INFO] rocky_extractor.pipeline: Extracted 1 relationship items.
2026-05-20 10:58:12,598 [INFO] rocky_extractor.pipeline: 
Processing c12_chunk2 (2002 words)...
2026-05-20 10:58:12,599 [INFO] rocky_extractor.pipeline: Extracting dialogue...
2026-05-20 10:58:57,330 [INFO] httpx: HTTP Request: POST http://127.0.0.1:11434/api/chat "HTTP/1.1 200 OK"
2026-05-20 10:58:57,333 [INFO] rocky_extractor.pipeline: Extracted 7 dialogue items.
2026-05-20 10:58:57,334 [INFO] rocky_extractor.pipeline: Extracting memory...
2026-05-20 10:59:32,635 [INFO] httpx: HTTP Request: POST http://127.0.0.1:11434/api/chat "HTTP/1.1 200 OK"
2026-05-20 10:59:32,639 [INFO] rocky_extractor.pipeline: Extracted 5 memory items.
2026-05-20 10:59:32,639 [INFO] rocky_extractor.pipeline: Extracting behavior...
2026-05-20 11:00:06,706 [INFO] httpx: HTTP Request: POST http://127.0.0.1:11434/api/chat "HTTP/1.1 200 OK"
2026-05-20 11:00:06,710 [INFO] rocky_extractor.pipeline: Extracted 7 behavior items.
2026-05-20 11:00:06,710 [INFO] rocky_extractor.pipeline: Extracting knowledge...
2026-05-20 11:00:44,679 [INFO] httpx: HTTP Request: POST http://127.0.0.1:11434/api/chat "HTTP/1.1 200 OK"
2026-05-20 11:00:44,683 [INFO] rocky_extractor.pipeline: Extracted 4 knowledge items.
2026-05-20 11:00:44,683 [INFO] rocky_extractor.pipeline: Extracting relationship...
2026-05-20 11:01:12,248 [INFO] httpx: HTTP Request: POST http://127.0.0.1:11434/api/chat "HTTP/1.1 200 OK"
2026-05-20 11:01:12,260 [INFO] rocky_extractor.pipeline: Extracted 3 relationship items.
2026-05-20 11:01:12,261 [INFO] rocky_extractor.pipeline: 
Processing c12_chunk3 (1118 words)...
2026-05-20 11:01:12,261 [INFO] rocky_extractor.pipeline: Extracting dialogue...
2026-05-20 11:02:48,183 [INFO] httpx: HTTP Request: POST http://127.0.0.1:11434/api/chat "HTTP/1.1 200 OK"
2026-05-20 11:02:48,186 [INFO] rocky_extractor.pipeline: Extracted 13 dialogue items.
2026-05-20 11:02:48,187 [INFO] rocky_extractor.pipeline: Extracting memory...
2026-05-20 11:03:19,187 [INFO] httpx: HTTP Request: POST http://127.0.0.1:11434/api/chat "HTTP/1.1 200 OK"
2026-05-20 11:03:19,192 [INFO] rocky_extractor.pipeline: Extracted 3 memory items.
2026-05-20 11:03:19,192 [INFO] rocky_extractor.pipeline: Extracting behavior...
2026-05-20 11:03:50,100 [INFO] httpx: HTTP Request: POST http://127.0.0.1:11434/api/chat "HTTP/1.1 200 OK"
2026-05-20 11:03:50,104 [INFO] rocky_extractor.pipeline: Extracted 8 behavior items.
2026-05-20 11:03:50,104 [INFO] rocky_extractor.pipeline: Extracting knowledge...
2026-05-20 11:04:24,274 [INFO] httpx: HTTP Request: POST http://127.0.0.1:11434/api/chat "HTTP/1.1 200 OK"
2026-05-20 11:04:24,285 [INFO] rocky_extractor.pipeline: Extracted 10 knowledge items.
2026-05-20 11:04:24,285 [INFO] rocky_extractor.pipeline: Extracting relationship...
2026-05-20 11:04:50,561 [INFO] httpx: HTTP Request: POST http://127.0.0.1:11434/api/chat "HTTP/1.1 200 OK"
2026-05-20 11:04:50,575 [INFO] rocky_extractor.pipeline: Extracted 4 relationship items.
2026-05-20 11:04:50,576 [INFO] rocky_extractor.pipeline: 
Processing c13_chunk1 (2025 words)...
2026-05-20 11:04:50,576 [INFO] rocky_extractor.pipeline: Extracting dialogue...
2026-05-20 11:05:00,492 [INFO] httpx: HTTP Request: POST http://127.0.0.1:11434/api/chat "HTTP/1.1 200 OK"
2026-05-20 11:05:00,494 [INFO] rocky_extractor.pipeline: Extracting memory...
2026-05-20 11:05:09,621 [INFO] httpx: HTTP Request: POST http://127.0.0.1:11434/api/chat "HTTP/1.1 200 OK"
2026-05-20 11:05:09,635 [INFO] rocky_extractor.pipeline: Extracting behavior...
2026-05-20 11:05:20,052 [INFO] httpx: HTTP Request: POST http://127.0.0.1:11434/api/chat "HTTP/1.1 200 OK"
2026-05-20 11:05:20,064 [INFO] rocky_extractor.pipeline: Extracting knowledge...
2026-05-20 11:05:29,410 [INFO] httpx: HTTP Request: POST http://127.0.0.1:11434/api/chat "HTTP/1.1 200 OK"
2026-05-20 11:05:29,414 [INFO] rocky_extractor.pipeline: Extracting relationship...
2026-05-20 11:06:01,854 [INFO] httpx: HTTP Request: POST http://127.0.0.1:11434/api/chat "HTTP/1.1 200 OK"
2026-05-20 11:06:01,857 [INFO] rocky_extractor.pipeline: Extracted 1 relationship items.
2026-05-20 11:06:01,858 [INFO] rocky_extractor.pipeline: 
Processing c13_chunk2 (2021 words)...
2026-05-20 11:06:01,858 [INFO] rocky_extractor.pipeline: Extracting dialogue...
2026-05-20 11:06:42,620 [INFO] httpx: HTTP Request: POST http://127.0.0.1:11434/api/chat "HTTP/1.1 200 OK"
2026-05-20 11:06:42,632 [INFO] rocky_extractor.pipeline: Extracted 6 dialogue items.
2026-05-20 11:06:42,632 [INFO] rocky_extractor.pipeline: Extracting memory...
2026-05-20 11:07:15,037 [INFO] httpx: HTTP Request: POST http://127.0.0.1:11434/api/chat "HTTP/1.1 200 OK"
2026-05-20 11:07:15,041 [INFO] rocky_extractor.pipeline: Extracted 4 memory items.
2026-05-20 11:07:15,041 [INFO] rocky_extractor.pipeline: Extracting behavior...
2026-05-20 11:07:50,787 [INFO] httpx: HTTP Request: POST http://127.0.0.1:11434/api/chat "HTTP/1.1 200 OK"
2026-05-20 11:07:50,800 [INFO] rocky_extractor.pipeline: Extracted 6 behavior items.
2026-05-20 11:07:50,801 [INFO] rocky_extractor.pipeline: Extracting knowledge...
2026-05-20 11:08:27,123 [INFO] httpx: HTTP Request: POST http://127.0.0.1:11434/api/chat "HTTP/1.1 200 OK"
2026-05-20 11:08:27,127 [INFO] rocky_extractor.pipeline: Extracted 4 knowledge items.
2026-05-20 11:08:27,127 [INFO] rocky_extractor.pipeline: Extracting relationship...
2026-05-20 11:08:52,530 [INFO] httpx: HTTP Request: POST http://127.0.0.1:11434/api/chat "HTTP/1.1 200 OK"
2026-05-20 11:08:52,542 [INFO] rocky_extractor.pipeline: Extracted 3 relationship items.
2026-05-20 11:08:52,543 [INFO] rocky_extractor.pipeline: 
Processing c13_chunk3 (1750 words)...
2026-05-20 11:08:52,543 [INFO] rocky_extractor.pipeline: Extracting dialogue...
2026-05-20 11:09:01,123 [INFO] httpx: HTTP Request: POST http://127.0.0.1:11434/api/chat "HTTP/1.1 200 OK"
2026-05-20 11:09:01,134 [INFO] rocky_extractor.pipeline: Extracting memory...
2026-05-20 11:09:31,874 [INFO] httpx: HTTP Request: POST http://127.0.0.1:11434/api/chat "HTTP/1.1 200 OK"
2026-05-20 11:09:31,877 [INFO] rocky_extractor.pipeline: Extracted 3 memory items.
2026-05-20 11:09:31,877 [INFO] rocky_extractor.pipeline: Extracting behavior...
2026-05-20 11:09:39,474 [INFO] httpx: HTTP Request: POST http://127.0.0.1:11434/api/chat "HTTP/1.1 200 OK"
2026-05-20 11:09:39,476 [INFO] rocky_extractor.pipeline: Extracting knowledge...
2026-05-20 11:10:18,579 [INFO] httpx: HTTP Request: POST http://127.0.0.1:11434/api/chat "HTTP/1.1 200 OK"
2026-05-20 11:10:18,582 [INFO] rocky_extractor.pipeline: Extracted 9 knowledge items.
2026-05-20 11:10:18,582 [INFO] rocky_extractor.pipeline: Extracting relationship...
2026-05-20 11:10:45,417 [INFO] httpx: HTTP Request: POST http://127.0.0.1:11434/api/chat "HTTP/1.1 200 OK"
2026-05-20 11:10:45,430 [INFO] rocky_extractor.pipeline: Extracted 3 relationship items.
2026-05-20 11:10:45,431 [INFO] rocky_extractor.pipeline: 
Processing c14_chunk1 (2000 words)...
2026-05-20 11:10:45,431 [INFO] rocky_extractor.pipeline: Extracting dialogue...
2026-05-20 11:12:03,092 [INFO] httpx: HTTP Request: POST http://127.0.0.1:11434/api/chat "HTTP/1.1 200 OK"
2026-05-20 11:12:03,096 [INFO] rocky_extractor.pipeline: Extracted 4 dialogue items.
2026-05-20 11:12:03,096 [INFO] rocky_extractor.pipeline: Extracting memory...
2026-05-20 11:12:29,523 [INFO] httpx: HTTP Request: POST http://127.0.0.1:11434/api/chat "HTTP/1.1 200 OK"
2026-05-20 11:12:29,526 [INFO] rocky_extractor.pipeline: Extracted 3 memory items.
2026-05-20 11:12:29,526 [INFO] rocky_extractor.pipeline: Extracting behavior...
2026-05-20 11:13:00,281 [INFO] httpx: HTTP Request: POST http://127.0.0.1:11434/api/chat "HTTP/1.1 200 OK"
2026-05-20 11:13:00,284 [INFO] rocky_extractor.pipeline: Extracted 3 behavior items.
2026-05-20 11:13:00,285 [INFO] rocky_extractor.pipeline: Extracting knowledge...
2026-05-20 11:13:45,960 [INFO] httpx: HTTP Request: POST http://127.0.0.1:11434/api/chat "HTTP/1.1 200 OK"
2026-05-20 11:13:45,974 [INFO] rocky_extractor.pipeline: Extracted 7 knowledge items.
2026-05-20 11:13:45,974 [INFO] rocky_extractor.pipeline: Extracting relationship...
2026-05-20 11:13:55,578 [INFO] httpx: HTTP Request: POST http://127.0.0.1:11434/api/chat "HTTP/1.1 200 OK"
2026-05-20 11:13:55,582 [INFO] rocky_extractor.pipeline: 
Processing c14_chunk2 (2010 words)...
2026-05-20 11:13:55,583 [INFO] rocky_extractor.pipeline: Extracting dialogue...
2026-05-20 11:14:57,220 [INFO] httpx: HTTP Request: POST http://127.0.0.1:11434/api/chat "HTTP/1.1 200 OK"
2026-05-20 11:14:57,224 [INFO] rocky_extractor.pipeline: Extracted 15 dialogue items.
2026-05-20 11:14:57,224 [INFO] rocky_extractor.pipeline: Extracting memory...
2026-05-20 11:15:28,584 [INFO] httpx: HTTP Request: POST http://127.0.0.1:11434/api/chat "HTTP/1.1 200 OK"
2026-05-20 11:15:28,588 [INFO] rocky_extractor.pipeline: Extracted 4 memory items.
2026-05-20 11:15:28,588 [INFO] rocky_extractor.pipeline: Extracting behavior...
2026-05-20 11:15:52,501 [INFO] httpx: HTTP Request: POST http://127.0.0.1:11434/api/chat "HTTP/1.1 200 OK"
2026-05-20 11:15:52,513 [INFO] rocky_extractor.pipeline: Extracted 2 behavior items.
2026-05-20 11:15:52,514 [INFO] rocky_extractor.pipeline: Extracting knowledge...
2026-05-20 11:16:24,712 [INFO] httpx: HTTP Request: POST http://127.0.0.1:11434/api/chat "HTTP/1.1 200 OK"
2026-05-20 11:16:24,715 [INFO] rocky_extractor.pipeline: Extracted 5 knowledge items.
2026-05-20 11:16:24,716 [INFO] rocky_extractor.pipeline: Extracting relationship...
2026-05-20 11:16:47,445 [INFO] httpx: HTTP Request: POST http://127.0.0.1:11434/api/chat "HTTP/1.1 200 OK"
2026-05-20 11:16:47,449 [INFO] rocky_extractor.pipeline: Extracted 2 relationship items.
2026-05-20 11:16:47,449 [INFO] rocky_extractor.pipeline: 
Processing c14_chunk3 (1979 words)...
2026-05-20 11:16:47,449 [INFO] rocky_extractor.pipeline: Extracting dialogue...
2026-05-20 11:17:35,237 [INFO] httpx: HTTP Request: POST http://127.0.0.1:11434/api/chat "HTTP/1.1 200 OK"
2026-05-20 11:17:35,241 [INFO] rocky_extractor.pipeline: Extracted 10 dialogue items.
2026-05-20 11:17:35,241 [INFO] rocky_extractor.pipeline: Extracting memory...
2026-05-20 11:18:06,240 [INFO] httpx: HTTP Request: POST http://127.0.0.1:11434/api/chat "HTTP/1.1 200 OK"
2026-05-20 11:18:06,242 [INFO] rocky_extractor.pipeline: Extracted 4 memory items.
2026-05-20 11:18:06,243 [INFO] rocky_extractor.pipeline: Extracting behavior...
2026-05-20 11:18:48,658 [INFO] httpx: HTTP Request: POST http://127.0.0.1:11434/api/chat "HTTP/1.1 200 OK"
2026-05-20 11:18:48,662 [INFO] rocky_extractor.pipeline: Extracted 10 behavior items.
2026-05-20 11:18:48,662 [INFO] rocky_extractor.pipeline: Extracting knowledge...
2026-05-20 11:19:34,933 [INFO] httpx: HTTP Request: POST http://127.0.0.1:11434/api/chat "HTTP/1.1 200 OK"
2026-05-20 11:19:34,936 [INFO] rocky_extractor.pipeline: Extracted 5 knowledge items.
2026-05-20 11:19:34,936 [INFO] rocky_extractor.pipeline: Extracting relationship...
2026-05-20 11:19:51,460 [INFO] httpx: HTTP Request: POST http://127.0.0.1:11434/api/chat "HTTP/1.1 200 OK"
2026-05-20 11:19:51,463 [INFO] rocky_extractor.pipeline: Extracted 1 relationship items.
2026-05-20 11:19:51,464 [INFO] rocky_extractor.pipeline: 
Processing c16_chunk1 (2008 words)...
2026-05-20 11:19:51,465 [INFO] rocky_extractor.pipeline: Extracting dialogue...
2026-05-20 11:21:27,679 [INFO] httpx: HTTP Request: POST http://127.0.0.1:11434/api/chat "HTTP/1.1 200 OK"
2026-05-20 11:21:27,693 [INFO] rocky_extractor.pipeline: Extracted 17 dialogue items.
2026-05-20 11:21:27,694 [INFO] rocky_extractor.pipeline: Extracting memory...
2026-05-20 11:22:00,076 [INFO] httpx: HTTP Request: POST http://127.0.0.1:11434/api/chat "HTTP/1.1 200 OK"
2026-05-20 11:22:00,079 [INFO] rocky_extractor.pipeline: Extracted 4 memory items.
2026-05-20 11:22:00,080 [INFO] rocky_extractor.pipeline: Extracting behavior...
2026-05-20 11:22:30,220 [INFO] httpx: HTTP Request: POST http://127.0.0.1:11434/api/chat "HTTP/1.1 200 OK"
2026-05-20 11:22:30,233 [INFO] rocky_extractor.pipeline: Extracted 5 behavior items.
2026-05-20 11:22:30,233 [INFO] rocky_extractor.pipeline: Extracting knowledge...
2026-05-20 11:23:23,843 [INFO] httpx: HTTP Request: POST http://127.0.0.1:11434/api/chat "HTTP/1.1 200 OK"
2026-05-20 11:23:23,846 [INFO] rocky_extractor.pipeline: Extracted 3 knowledge items.
2026-05-20 11:23:23,846 [INFO] rocky_extractor.pipeline: Extracting relationship...
2026-05-20 11:23:41,169 [INFO] httpx: HTTP Request: POST http://127.0.0.1:11434/api/chat "HTTP/1.1 200 OK"
2026-05-20 11:23:41,173 [INFO] rocky_extractor.pipeline: Extracted 1 relationship items.
2026-05-20 11:23:41,173 [INFO] rocky_extractor.pipeline: 
Processing c16_chunk2 (2001 words)...
2026-05-20 11:23:41,174 [INFO] rocky_extractor.pipeline: Extracting dialogue...
2026-05-20 11:25:25,695 [INFO] httpx: HTTP Request: POST http://127.0.0.1:11434/api/chat "HTTP/1.1 200 OK"
2026-05-20 11:25:25,698 [INFO] rocky_extractor.pipeline: Extracting memory...
2026-05-20 11:26:03,294 [INFO] httpx: HTTP Request: POST http://127.0.0.1:11434/api/chat "HTTP/1.1 200 OK"
2026-05-20 11:26:03,297 [INFO] rocky_extractor.pipeline: Extracted 4 memory items.
2026-05-20 11:26:03,298 [INFO] rocky_extractor.pipeline: Extracting behavior...
2026-05-20 11:26:47,979 [INFO] httpx: HTTP Request: POST http://127.0.0.1:11434/api/chat "HTTP/1.1 200 OK"
2026-05-20 11:26:47,983 [INFO] rocky_extractor.pipeline: Extracted 4 behavior items.
2026-05-20 11:26:47,983 [INFO] rocky_extractor.pipeline: Extracting knowledge...
2026-05-20 11:27:25,548 [INFO] httpx: HTTP Request: POST http://127.0.0.1:11434/api/chat "HTTP/1.1 200 OK"
2026-05-20 11:27:25,562 [INFO] rocky_extractor.pipeline: Extracted 6 knowledge items.
2026-05-20 11:27:25,562 [INFO] rocky_extractor.pipeline: Extracting relationship...
2026-05-20 11:27:49,368 [INFO] httpx: HTTP Request: POST http://127.0.0.1:11434/api/chat "HTTP/1.1 200 OK"
2026-05-20 11:27:49,372 [INFO] rocky_extractor.pipeline: Extracted 2 relationship items.
2026-05-20 11:27:49,372 [INFO] rocky_extractor.pipeline: 
Processing c16_chunk3 (1185 words)...
2026-05-20 11:27:49,373 [INFO] rocky_extractor.pipeline: Extracting dialogue...
2026-05-20 11:28:35,040 [INFO] httpx: HTTP Request: POST http://127.0.0.1:11434/api/chat "HTTP/1.1 200 OK"
2026-05-20 11:28:35,044 [INFO] rocky_extractor.pipeline: Extracted 10 dialogue items.
2026-05-20 11:28:35,044 [INFO] rocky_extractor.pipeline: Extracting memory...
2026-05-20 11:29:19,173 [INFO] httpx: HTTP Request: POST http://127.0.0.1:11434/api/chat "HTTP/1.1 200 OK"
2026-05-20 11:29:19,185 [INFO] rocky_extractor.pipeline: Extracted 6 memory items.
2026-05-20 11:29:19,186 [INFO] rocky_extractor.pipeline: Extracting behavior...
2026-05-20 11:29:42,379 [INFO] httpx: HTTP Request: POST http://127.0.0.1:11434/api/chat "HTTP/1.1 200 OK"
2026-05-20 11:29:42,382 [INFO] rocky_extractor.pipeline: Extracted 6 behavior items.
2026-05-20 11:29:42,382 [INFO] rocky_extractor.pipeline: Extracting knowledge...
2026-05-20 11:30:17,586 [INFO] httpx: HTTP Request: POST http://127.0.0.1:11434/api/chat "HTTP/1.1 200 OK"
2026-05-20 11:30:17,600 [INFO] rocky_extractor.pipeline: Extracted 8 knowledge items.
2026-05-20 11:30:17,600 [INFO] rocky_extractor.pipeline: Extracting relationship...
2026-05-20 11:30:36,078 [INFO] httpx: HTTP Request: POST http://127.0.0.1:11434/api/chat "HTTP/1.1 200 OK"
2026-05-20 11:30:36,081 [INFO] rocky_extractor.pipeline: Extracted 1 relationship items.
2026-05-20 11:30:36,082 [INFO] rocky_extractor.pipeline: 
Processing c17_chunk1 (2012 words)...
2026-05-20 11:30:36,082 [INFO] rocky_extractor.pipeline: Extracting dialogue...
2026-05-20 11:31:08,725 [INFO] httpx: HTTP Request: POST http://127.0.0.1:11434/api/chat "HTTP/1.1 200 OK"
2026-05-20 11:31:08,728 [INFO] rocky_extractor.pipeline: Extracted 6 dialogue items.
2026-05-20 11:31:08,729 [INFO] rocky_extractor.pipeline: Extracting memory...
2026-05-20 11:31:38,195 [INFO] httpx: HTTP Request: POST http://127.0.0.1:11434/api/chat "HTTP/1.1 200 OK"
2026-05-20 11:31:38,209 [INFO] rocky_extractor.pipeline: Extracted 3 memory items.
2026-05-20 11:31:38,209 [INFO] rocky_extractor.pipeline: Extracting behavior...
2026-05-20 11:32:08,724 [INFO] httpx: HTTP Request: POST http://127.0.0.1:11434/api/chat "HTTP/1.1 200 OK"
2026-05-20 11:32:08,727 [INFO] rocky_extractor.pipeline: Extracted 4 behavior items.
2026-05-20 11:32:08,728 [INFO] rocky_extractor.pipeline: Extracting knowledge...
2026-05-20 11:32:47,522 [INFO] httpx: HTTP Request: POST http://127.0.0.1:11434/api/chat "HTTP/1.1 200 OK"
2026-05-20 11:32:47,534 [INFO] rocky_extractor.pipeline: Extracted 9 knowledge items.
2026-05-20 11:32:47,534 [INFO] rocky_extractor.pipeline: Extracting relationship...
2026-05-20 11:33:04,784 [INFO] httpx: HTTP Request: POST http://127.0.0.1:11434/api/chat "HTTP/1.1 200 OK"
2026-05-20 11:33:04,788 [INFO] rocky_extractor.pipeline: Extracted 1 relationship items.
2026-05-20 11:33:04,788 [INFO] rocky_extractor.pipeline: 
Processing c17_chunk2 (2014 words)...
2026-05-20 11:33:04,789 [INFO] rocky_extractor.pipeline: Extracting dialogue...
2026-05-20 11:34:03,917 [INFO] httpx: HTTP Request: POST http://127.0.0.1:11434/api/chat "HTTP/1.1 200 OK"
2026-05-20 11:34:03,920 [INFO] rocky_extractor.pipeline: Extracted 14 dialogue items.
2026-05-20 11:34:03,921 [INFO] rocky_extractor.pipeline: Extracting memory...
2026-05-20 11:34:39,537 [INFO] httpx: HTTP Request: POST http://127.0.0.1:11434/api/chat "HTTP/1.1 200 OK"
2026-05-20 11:34:39,549 [INFO] rocky_extractor.pipeline: Extracted 4 memory items.
2026-05-20 11:34:39,550 [INFO] rocky_extractor.pipeline: Extracting behavior...
2026-05-20 11:35:11,388 [INFO] httpx: HTTP Request: POST http://127.0.0.1:11434/api/chat "HTTP/1.1 200 OK"
2026-05-20 11:35:11,391 [INFO] rocky_extractor.pipeline: Extracted 7 behavior items.
2026-05-20 11:35:11,392 [INFO] rocky_extractor.pipeline: Extracting knowledge...
2026-05-20 11:35:51,599 [INFO] httpx: HTTP Request: POST http://127.0.0.1:11434/api/chat "HTTP/1.1 200 OK"
2026-05-20 11:35:51,612 [INFO] rocky_extractor.pipeline: Extracted 5 knowledge items.
2026-05-20 11:35:51,612 [INFO] rocky_extractor.pipeline: Extracting relationship...
2026-05-20 11:36:13,366 [INFO] httpx: HTTP Request: POST http://127.0.0.1:11434/api/chat "HTTP/1.1 200 OK"
2026-05-20 11:36:13,375 [INFO] rocky_extractor.pipeline: Extracted 1 relationship items.
2026-05-20 11:36:13,376 [INFO] rocky_extractor.pipeline: 
Processing c17_chunk3 (1192 words)...
2026-05-20 11:36:13,376 [INFO] rocky_extractor.pipeline: Extracting dialogue...
2026-05-20 11:38:47,344 [INFO] httpx: HTTP Request: POST http://127.0.0.1:11434/api/chat "HTTP/1.1 200 OK"
2026-05-20 11:38:47,355 [INFO] rocky_extractor.pipeline: Extracting memory...
2026-05-20 11:39:19,255 [INFO] httpx: HTTP Request: POST http://127.0.0.1:11434/api/chat "HTTP/1.1 200 OK"
2026-05-20 11:39:19,258 [INFO] rocky_extractor.pipeline: Extracted 5 memory items.
2026-05-20 11:39:19,258 [INFO] rocky_extractor.pipeline: Extracting behavior...
2026-05-20 11:39:51,341 [INFO] httpx: HTTP Request: POST http://127.0.0.1:11434/api/chat "HTTP/1.1 200 OK"
2026-05-20 11:39:51,354 [INFO] rocky_extractor.pipeline: Extracted 7 behavior items.
2026-05-20 11:39:51,355 [INFO] rocky_extractor.pipeline: Extracting knowledge...
2026-05-20 11:40:22,350 [INFO] httpx: HTTP Request: POST http://127.0.0.1:11434/api/chat "HTTP/1.1 200 OK"
2026-05-20 11:40:22,354 [INFO] rocky_extractor.pipeline: Extracted 7 knowledge items.
2026-05-20 11:40:22,354 [INFO] rocky_extractor.pipeline: Extracting relationship...
2026-05-20 11:40:39,706 [INFO] httpx: HTTP Request: POST http://127.0.0.1:11434/api/chat "HTTP/1.1 200 OK"
2026-05-20 11:40:39,719 [INFO] rocky_extractor.pipeline: Extracted 1 relationship items.
2026-05-20 11:40:39,720 [INFO] rocky_extractor.pipeline: 
Processing c18_chunk1 (2010 words)...
2026-05-20 11:40:39,720 [INFO] rocky_extractor.pipeline: Extracting dialogue...
2026-05-20 11:41:31,185 [INFO] httpx: HTTP Request: POST http://127.0.0.1:11434/api/chat "HTTP/1.1 200 OK"
2026-05-20 11:41:31,197 [INFO] rocky_extractor.pipeline: Extracted 11 dialogue items.
2026-05-20 11:41:31,198 [INFO] rocky_extractor.pipeline: Extracting memory...
2026-05-20 11:42:03,453 [INFO] httpx: HTTP Request: POST http://127.0.0.1:11434/api/chat "HTTP/1.1 200 OK"
2026-05-20 11:42:03,457 [INFO] rocky_extractor.pipeline: Extracted 4 memory items.
2026-05-20 11:42:03,457 [INFO] rocky_extractor.pipeline: Extracting behavior...
2026-05-20 11:43:10,129 [INFO] httpx: HTTP Request: POST http://127.0.0.1:11434/api/chat "HTTP/1.1 200 OK"
2026-05-20 11:43:10,132 [INFO] rocky_extractor.pipeline: Extracted 5 behavior items.
2026-05-20 11:43:10,133 [INFO] rocky_extractor.pipeline: Extracting knowledge...
2026-05-20 11:43:34,771 [INFO] httpx: HTTP Request: POST http://127.0.0.1:11434/api/chat "HTTP/1.1 200 OK"
2026-05-20 11:43:34,774 [INFO] rocky_extractor.pipeline: Extracted 5 knowledge items.
2026-05-20 11:43:34,774 [INFO] rocky_extractor.pipeline: Extracting relationship...
2026-05-20 11:43:54,482 [INFO] httpx: HTTP Request: POST http://127.0.0.1:11434/api/chat "HTTP/1.1 200 OK"
2026-05-20 11:43:54,485 [INFO] rocky_extractor.pipeline: Extracted 1 relationship items.
2026-05-20 11:43:54,486 [INFO] rocky_extractor.pipeline: 
Processing c18_chunk2 (2014 words)...
2026-05-20 11:43:54,486 [INFO] rocky_extractor.pipeline: Extracting dialogue...
2026-05-20 11:45:35,048 [INFO] httpx: HTTP Request: POST http://127.0.0.1:11434/api/chat "HTTP/1.1 200 OK"
2026-05-20 11:45:35,050 [INFO] rocky_extractor.pipeline: Extracted 5 dialogue items.
2026-05-20 11:45:35,050 [INFO] rocky_extractor.pipeline: Extracting memory...
2026-05-20 11:46:08,128 [INFO] httpx: HTTP Request: POST http://127.0.0.1:11434/api/chat "HTTP/1.1 200 OK"
2026-05-20 11:46:08,131 [INFO] rocky_extractor.pipeline: Extracted 5 memory items.
2026-05-20 11:46:08,131 [INFO] rocky_extractor.pipeline: Extracting behavior...
2026-05-20 11:46:38,552 [INFO] httpx: HTTP Request: POST http://127.0.0.1:11434/api/chat "HTTP/1.1 200 OK"
2026-05-20 11:46:38,563 [INFO] rocky_extractor.pipeline: Extracted 3 behavior items.
2026-05-20 11:46:38,563 [INFO] rocky_extractor.pipeline: Extracting knowledge...
2026-05-20 11:47:12,043 [INFO] httpx: HTTP Request: POST http://127.0.0.1:11434/api/chat "HTTP/1.1 200 OK"
2026-05-20 11:47:12,048 [INFO] rocky_extractor.pipeline: Extracted 9 knowledge items.
2026-05-20 11:47:12,048 [INFO] rocky_extractor.pipeline: Extracting relationship...
2026-05-20 11:47:38,193 [INFO] httpx: HTTP Request: POST http://127.0.0.1:11434/api/chat "HTTP/1.1 200 OK"
2026-05-20 11:47:38,196 [INFO] rocky_extractor.pipeline: Extracted 2 relationship items.
2026-05-20 11:47:38,197 [INFO] rocky_extractor.pipeline: 
Processing c18_chunk3 (1522 words)...
2026-05-20 11:47:38,197 [INFO] rocky_extractor.pipeline: Extracting dialogue...
2026-05-20 11:47:48,119 [INFO] httpx: HTTP Request: POST http://127.0.0.1:11434/api/chat "HTTP/1.1 200 OK"
2026-05-20 11:47:48,123 [INFO] rocky_extractor.pipeline: Extracting memory...
2026-05-20 11:47:56,532 [INFO] httpx: HTTP Request: POST http://127.0.0.1:11434/api/chat "HTTP/1.1 200 OK"
2026-05-20 11:47:56,535 [INFO] rocky_extractor.pipeline: Extracting behavior...
2026-05-20 11:48:05,716 [INFO] httpx: HTTP Request: POST http://127.0.0.1:11434/api/chat "HTTP/1.1 200 OK"
2026-05-20 11:48:05,720 [INFO] rocky_extractor.pipeline: Extracting knowledge...
2026-05-20 11:48:14,429 [INFO] httpx: HTTP Request: POST http://127.0.0.1:11434/api/chat "HTTP/1.1 200 OK"
2026-05-20 11:48:14,432 [INFO] rocky_extractor.pipeline: Extracting relationship...
2026-05-20 11:48:26,399 [INFO] httpx: HTTP Request: POST http://127.0.0.1:11434/api/chat "HTTP/1.1 200 OK"
2026-05-20 11:48:26,403 [INFO] rocky_extractor.pipeline: 
Processing c19_chunk1 (2005 words)...
2026-05-20 11:48:26,404 [INFO] rocky_extractor.pipeline: Extracting dialogue...
2026-05-20 11:49:25,278 [INFO] httpx: HTTP Request: POST http://127.0.0.1:11434/api/chat "HTTP/1.1 200 OK"
2026-05-20 11:49:25,282 [INFO] rocky_extractor.pipeline: Extracted 14 dialogue items.
2026-05-20 11:49:25,282 [INFO] rocky_extractor.pipeline: Extracting memory...
2026-05-20 11:50:04,785 [INFO] httpx: HTTP Request: POST http://127.0.0.1:11434/api/chat "HTTP/1.1 200 OK"
2026-05-20 11:50:04,797 [INFO] rocky_extractor.pipeline: Extracted 5 memory items.
2026-05-20 11:50:04,798 [INFO] rocky_extractor.pipeline: Extracting behavior...
2026-05-20 11:50:33,676 [INFO] httpx: HTTP Request: POST http://127.0.0.1:11434/api/chat "HTTP/1.1 200 OK"
2026-05-20 11:50:33,689 [INFO] rocky_extractor.pipeline: Extracted 6 behavior items.
2026-05-20 11:50:33,689 [INFO] rocky_extractor.pipeline: Extracting knowledge...
2026-05-20 11:51:12,184 [INFO] httpx: HTTP Request: POST http://127.0.0.1:11434/api/chat "HTTP/1.1 200 OK"
2026-05-20 11:51:12,188 [INFO] rocky_extractor.pipeline: Extracted 10 knowledge items.
2026-05-20 11:51:12,188 [INFO] rocky_extractor.pipeline: Extracting relationship...
2026-05-20 11:51:33,649 [INFO] httpx: HTTP Request: POST http://127.0.0.1:11434/api/chat "HTTP/1.1 200 OK"
2026-05-20 11:51:33,653 [INFO] rocky_extractor.pipeline: Extracted 3 relationship items.
2026-05-20 11:51:33,654 [INFO] rocky_extractor.pipeline: 
Processing c19_chunk2 (2034 words)...
2026-05-20 11:51:33,654 [INFO] rocky_extractor.pipeline: Extracting dialogue...
2026-05-20 11:52:38,302 [INFO] httpx: HTTP Request: POST http://127.0.0.1:11434/api/chat "HTTP/1.1 200 OK"
2026-05-20 11:52:38,306 [INFO] rocky_extractor.pipeline: Extracted 16 dialogue items.
2026-05-20 11:52:38,306 [INFO] rocky_extractor.pipeline: Extracting memory...
2026-05-20 11:53:10,169 [INFO] httpx: HTTP Request: POST http://127.0.0.1:11434/api/chat "HTTP/1.1 200 OK"
2026-05-20 11:53:10,172 [INFO] rocky_extractor.pipeline: Extracted 4 memory items.
2026-05-20 11:53:10,172 [INFO] rocky_extractor.pipeline: Extracting behavior...
2026-05-20 11:53:34,995 [INFO] httpx: HTTP Request: POST http://127.0.0.1:11434/api/chat "HTTP/1.1 200 OK"
2026-05-20 11:53:35,008 [INFO] rocky_extractor.pipeline: Extracted 2 behavior items.
2026-05-20 11:53:35,008 [INFO] rocky_extractor.pipeline: Extracting knowledge...
2026-05-20 11:54:14,116 [INFO] httpx: HTTP Request: POST http://127.0.0.1:11434/api/chat "HTTP/1.1 200 OK"
2026-05-20 11:54:14,120 [INFO] rocky_extractor.pipeline: Extracted 10 knowledge items.
2026-05-20 11:54:14,120 [INFO] rocky_extractor.pipeline: Extracting relationship...
2026-05-20 11:54:39,157 [INFO] httpx: HTTP Request: POST http://127.0.0.1:11434/api/chat "HTTP/1.1 200 OK"
2026-05-20 11:54:39,168 [INFO] rocky_extractor.pipeline: Extracted 1 relationship items.
2026-05-20 11:54:39,169 [INFO] rocky_extractor.pipeline: 
Processing c19_chunk3 (2013 words)...
2026-05-20 11:54:39,170 [INFO] rocky_extractor.pipeline: Extracting dialogue...
2026-05-20 11:56:07,082 [INFO] httpx: HTTP Request: POST http://127.0.0.1:11434/api/chat "HTTP/1.1 200 OK"
2026-05-20 11:56:07,086 [INFO] rocky_extractor.pipeline: Extracted 14 dialogue items.
2026-05-20 11:56:07,087 [INFO] rocky_extractor.pipeline: Extracting memory...
2026-05-20 11:56:41,630 [INFO] httpx: HTTP Request: POST http://127.0.0.1:11434/api/chat "HTTP/1.1 200 OK"
2026-05-20 11:56:41,632 [INFO] rocky_extractor.pipeline: Extracted 4 memory items.
2026-05-20 11:56:41,633 [INFO] rocky_extractor.pipeline: Extracting behavior...
2026-05-20 11:57:14,126 [INFO] httpx: HTTP Request: POST http://127.0.0.1:11434/api/chat "HTTP/1.1 200 OK"
2026-05-20 11:57:14,129 [INFO] rocky_extractor.pipeline: Extracted 7 behavior items.
2026-05-20 11:57:14,130 [INFO] rocky_extractor.pipeline: Extracting knowledge...
2026-05-20 11:57:55,353 [INFO] httpx: HTTP Request: POST http://127.0.0.1:11434/api/chat "HTTP/1.1 200 OK"
2026-05-20 11:57:55,357 [INFO] rocky_extractor.pipeline: Extracted 8 knowledge items.
2026-05-20 11:57:55,358 [INFO] rocky_extractor.pipeline: Extracting relationship...
2026-05-20 11:58:13,028 [INFO] httpx: HTTP Request: POST http://127.0.0.1:11434/api/chat "HTTP/1.1 200 OK"
2026-05-20 11:58:13,032 [INFO] rocky_extractor.pipeline: Extracted 1 relationship items.
2026-05-20 11:58:13,032 [INFO] rocky_extractor.pipeline: 
Processing c19_chunk4 (588 words)...
2026-05-20 11:58:13,033 [INFO] rocky_extractor.pipeline: Extracting dialogue...
2026-05-20 11:58:28,587 [INFO] httpx: HTTP Request: POST http://127.0.0.1:11434/api/chat "HTTP/1.1 200 OK"
2026-05-20 11:58:28,590 [INFO] rocky_extractor.pipeline: Extracted 1 dialogue items.
2026-05-20 11:58:28,591 [INFO] rocky_extractor.pipeline: Extracting memory...
2026-05-20 11:58:54,132 [INFO] httpx: HTTP Request: POST http://127.0.0.1:11434/api/chat "HTTP/1.1 200 OK"
2026-05-20 11:58:54,136 [INFO] rocky_extractor.pipeline: Extracted 2 memory items.
2026-05-20 11:58:54,137 [INFO] rocky_extractor.pipeline: Extracting behavior...
2026-05-20 11:59:24,360 [INFO] httpx: HTTP Request: POST http://127.0.0.1:11434/api/chat "HTTP/1.1 200 OK"
2026-05-20 11:59:24,364 [INFO] rocky_extractor.pipeline: Extracted 8 behavior items.
2026-05-20 11:59:24,364 [INFO] rocky_extractor.pipeline: Extracting knowledge...
2026-05-20 12:00:05,552 [INFO] httpx: HTTP Request: POST http://127.0.0.1:11434/api/chat "HTTP/1.1 200 OK"
2026-05-20 12:00:05,556 [INFO] rocky_extractor.pipeline: Extracted 3 knowledge items.
2026-05-20 12:00:05,556 [INFO] rocky_extractor.pipeline: Extracting relationship...
2026-05-20 12:00:20,649 [INFO] httpx: HTTP Request: POST http://127.0.0.1:11434/api/chat "HTTP/1.1 200 OK"
2026-05-20 12:00:20,652 [INFO] rocky_extractor.pipeline: Extracted 1 relationship items.
2026-05-20 12:00:20,653 [INFO] rocky_extractor.pipeline: 
Processing c20_chunk1 (2023 words)...
2026-05-20 12:00:20,653 [INFO] rocky_extractor.pipeline: Extracting dialogue...
2026-05-20 12:00:32,152 [INFO] httpx: HTTP Request: POST http://127.0.0.1:11434/api/chat "HTTP/1.1 200 OK"
2026-05-20 12:00:32,156 [INFO] rocky_extractor.pipeline: Extracting memory...
2026-05-20 12:01:00,238 [INFO] httpx: HTTP Request: POST http://127.0.0.1:11434/api/chat "HTTP/1.1 200 OK"
2026-05-20 12:01:00,241 [INFO] rocky_extractor.pipeline: Extracted 3 memory items.
2026-05-20 12:01:00,241 [INFO] rocky_extractor.pipeline: Extracting behavior...
2026-05-20 12:01:39,370 [INFO] httpx: HTTP Request: POST http://127.0.0.1:11434/api/chat "HTTP/1.1 200 OK"
2026-05-20 12:01:39,374 [INFO] rocky_extractor.pipeline: Extracted 2 behavior items.
2026-05-20 12:01:39,374 [INFO] rocky_extractor.pipeline: Extracting knowledge...
2026-05-20 12:02:16,715 [INFO] httpx: HTTP Request: POST http://127.0.0.1:11434/api/chat "HTTP/1.1 200 OK"
2026-05-20 12:02:16,718 [INFO] rocky_extractor.pipeline: Extracted 8 knowledge items.
2026-05-20 12:02:16,718 [INFO] rocky_extractor.pipeline: Extracting relationship...
2026-05-20 12:02:34,419 [INFO] httpx: HTTP Request: POST http://127.0.0.1:11434/api/chat "HTTP/1.1 200 OK"
2026-05-20 12:02:34,422 [INFO] rocky_extractor.pipeline: Extracted 1 relationship items.
2026-05-20 12:02:34,423 [INFO] rocky_extractor.pipeline: 
Processing c20_chunk2 (2001 words)...
2026-05-20 12:02:34,424 [INFO] rocky_extractor.pipeline: Extracting dialogue...
2026-05-20 12:02:47,134 [INFO] httpx: HTTP Request: POST http://127.0.0.1:11434/api/chat "HTTP/1.1 200 OK"
2026-05-20 12:02:47,146 [INFO] rocky_extractor.pipeline: Extracting memory...
2026-05-20 12:03:18,961 [INFO] httpx: HTTP Request: POST http://127.0.0.1:11434/api/chat "HTTP/1.1 200 OK"
2026-05-20 12:03:18,964 [INFO] rocky_extractor.pipeline: Extracted 3 memory items.
2026-05-20 12:03:18,964 [INFO] rocky_extractor.pipeline: Extracting behavior...
2026-05-20 12:03:56,776 [INFO] httpx: HTTP Request: POST http://127.0.0.1:11434/api/chat "HTTP/1.1 200 OK"
2026-05-20 12:03:56,779 [INFO] rocky_extractor.pipeline: Extracted 2 behavior items.
2026-05-20 12:03:56,779 [INFO] rocky_extractor.pipeline: Extracting knowledge...
2026-05-20 12:04:49,488 [INFO] httpx: HTTP Request: POST http://127.0.0.1:11434/api/chat "HTTP/1.1 200 OK"
2026-05-20 12:04:49,492 [INFO] rocky_extractor.pipeline: Extracted 5 knowledge items.
2026-05-20 12:04:49,492 [INFO] rocky_extractor.pipeline: Extracting relationship...
2026-05-20 12:05:14,901 [INFO] httpx: HTTP Request: POST http://127.0.0.1:11434/api/chat "HTTP/1.1 200 OK"
2026-05-20 12:05:14,904 [INFO] rocky_extractor.pipeline: Extracted 1 relationship items.
2026-05-20 12:05:14,905 [INFO] rocky_extractor.pipeline: 
Processing c20_chunk3 (2024 words)...
2026-05-20 12:05:14,905 [INFO] rocky_extractor.pipeline: Extracting dialogue...
2026-05-20 12:05:28,164 [INFO] httpx: HTTP Request: POST http://127.0.0.1:11434/api/chat "HTTP/1.1 200 OK"
2026-05-20 12:05:28,168 [INFO] rocky_extractor.pipeline: Extracting memory...
2026-05-20 12:06:06,882 [INFO] httpx: HTTP Request: POST http://127.0.0.1:11434/api/chat "HTTP/1.1 200 OK"
2026-05-20 12:06:06,885 [INFO] rocky_extractor.pipeline: Extracted 3 memory items.
2026-05-20 12:06:06,886 [INFO] rocky_extractor.pipeline: Extracting behavior...
2026-05-20 12:06:40,977 [INFO] httpx: HTTP Request: POST http://127.0.0.1:11434/api/chat "HTTP/1.1 200 OK"
2026-05-20 12:06:40,981 [INFO] rocky_extractor.pipeline: Extracted 2 behavior items.
2026-05-20 12:06:40,981 [INFO] rocky_extractor.pipeline: Extracting knowledge...
2026-05-20 12:07:18,706 [INFO] httpx: HTTP Request: POST http://127.0.0.1:11434/api/chat "HTTP/1.1 200 OK"
2026-05-20 12:07:18,710 [INFO] rocky_extractor.pipeline: Extracted 4 knowledge items.
2026-05-20 12:07:18,710 [INFO] rocky_extractor.pipeline: Extracting relationship...
2026-05-20 12:07:28,116 [INFO] httpx: HTTP Request: POST http://127.0.0.1:11434/api/chat "HTTP/1.1 200 OK"
2026-05-20 12:07:28,119 [INFO] rocky_extractor.pipeline: 
Processing c20_chunk4 (375 words)...
2026-05-20 12:07:28,119 [INFO] rocky_extractor.pipeline: Extracting dialogue...
2026-05-20 12:07:38,891 [INFO] httpx: HTTP Request: POST http://127.0.0.1:11434/api/chat "HTTP/1.1 200 OK"
2026-05-20 12:07:38,895 [INFO] rocky_extractor.pipeline: Extracting memory...
2026-05-20 12:08:04,344 [INFO] httpx: HTTP Request: POST http://127.0.0.1:11434/api/chat "HTTP/1.1 200 OK"
2026-05-20 12:08:04,347 [INFO] rocky_extractor.pipeline: Extracted 3 memory items.
2026-05-20 12:08:04,347 [INFO] rocky_extractor.pipeline: Extracting behavior...
2026-05-20 12:08:23,354 [INFO] httpx: HTTP Request: POST http://127.0.0.1:11434/api/chat "HTTP/1.1 200 OK"
2026-05-20 12:08:23,368 [INFO] rocky_extractor.pipeline: Extracted 1 behavior items.
2026-05-20 12:08:23,368 [INFO] rocky_extractor.pipeline: Extracting knowledge...
2026-05-20 12:09:21,234 [INFO] httpx: HTTP Request: POST http://127.0.0.1:11434/api/chat "HTTP/1.1 200 OK"
2026-05-20 12:09:21,238 [INFO] rocky_extractor.pipeline: Extracting relationship...
2026-05-20 12:09:36,394 [INFO] httpx: HTTP Request: POST http://127.0.0.1:11434/api/chat "HTTP/1.1 200 OK"
2026-05-20 12:09:36,398 [INFO] rocky_extractor.pipeline: Extracted 1 relationship items.
2026-05-20 12:09:36,399 [INFO] rocky_extractor.pipeline: 
Processing c21_chunk1 (2012 words)...
2026-05-20 12:09:36,399 [INFO] rocky_extractor.pipeline: Extracting dialogue...
2026-05-20 12:11:23,780 [INFO] httpx: HTTP Request: POST http://127.0.0.1:11434/api/chat "HTTP/1.1 200 OK"
2026-05-20 12:11:23,784 [INFO] rocky_extractor.pipeline: Extracted 4 dialogue items.
2026-05-20 12:11:23,784 [INFO] rocky_extractor.pipeline: Extracting memory...
2026-05-20 12:11:53,634 [INFO] httpx: HTTP Request: POST http://127.0.0.1:11434/api/chat "HTTP/1.1 200 OK"
2026-05-20 12:11:53,648 [INFO] rocky_extractor.pipeline: Extracted 3 memory items.
2026-05-20 12:11:53,648 [INFO] rocky_extractor.pipeline: Extracting behavior...
2026-05-20 12:12:25,996 [INFO] httpx: HTTP Request: POST http://127.0.0.1:11434/api/chat "HTTP/1.1 200 OK"
2026-05-20 12:12:25,999 [INFO] rocky_extractor.pipeline: Extracted 9 behavior items.
2026-05-20 12:12:25,999 [INFO] rocky_extractor.pipeline: Extracting knowledge...
2026-05-20 12:12:58,567 [INFO] httpx: HTTP Request: POST http://127.0.0.1:11434/api/chat "HTTP/1.1 200 OK"
2026-05-20 12:12:58,570 [INFO] rocky_extractor.pipeline: Extracted 6 knowledge items.
2026-05-20 12:12:58,570 [INFO] rocky_extractor.pipeline: Extracting relationship...
2026-05-20 12:13:15,737 [INFO] httpx: HTTP Request: POST http://127.0.0.1:11434/api/chat "HTTP/1.1 200 OK"
2026-05-20 12:13:15,740 [INFO] rocky_extractor.pipeline: Extracted 1 relationship items.
2026-05-20 12:13:15,741 [INFO] rocky_extractor.pipeline: 
Processing c21_chunk2 (2014 words)...
2026-05-20 12:13:15,741 [INFO] rocky_extractor.pipeline: Extracting dialogue...
2026-05-20 12:14:30,627 [INFO] httpx: HTTP Request: POST http://127.0.0.1:11434/api/chat "HTTP/1.1 200 OK"
2026-05-20 12:14:30,639 [INFO] rocky_extractor.pipeline: Extracted 15 dialogue items.
2026-05-20 12:14:30,640 [INFO] rocky_extractor.pipeline: Extracting memory...
2026-05-20 12:15:05,480 [INFO] httpx: HTTP Request: POST http://127.0.0.1:11434/api/chat "HTTP/1.1 200 OK"
2026-05-20 12:15:05,482 [INFO] rocky_extractor.pipeline: Extracted 4 memory items.
2026-05-20 12:15:05,483 [INFO] rocky_extractor.pipeline: Extracting behavior...
2026-05-20 12:15:35,714 [INFO] httpx: HTTP Request: POST http://127.0.0.1:11434/api/chat "HTTP/1.1 200 OK"
2026-05-20 12:15:35,718 [INFO] rocky_extractor.pipeline: Extracted 5 behavior items.
2026-05-20 12:15:35,718 [INFO] rocky_extractor.pipeline: Extracting knowledge...
2026-05-20 12:16:15,570 [INFO] httpx: HTTP Request: POST http://127.0.0.1:11434/api/chat "HTTP/1.1 200 OK"
2026-05-20 12:16:15,584 [INFO] rocky_extractor.pipeline: Extracted 6 knowledge items.
2026-05-20 12:16:15,584 [INFO] rocky_extractor.pipeline: Extracting relationship...
2026-05-20 12:16:42,112 [INFO] httpx: HTTP Request: POST http://127.0.0.1:11434/api/chat "HTTP/1.1 200 OK"
2026-05-20 12:16:42,116 [INFO] rocky_extractor.pipeline: Extracted 1 relationship items.
2026-05-20 12:16:42,116 [INFO] rocky_extractor.pipeline: 
Processing c21_chunk3 (2003 words)...
2026-05-20 12:16:42,117 [INFO] rocky_extractor.pipeline: Extracting dialogue...
2026-05-20 12:17:23,740 [INFO] httpx: HTTP Request: POST http://127.0.0.1:11434/api/chat "HTTP/1.1 200 OK"
2026-05-20 12:17:23,743 [INFO] rocky_extractor.pipeline: Extracted 6 dialogue items.
2026-05-20 12:17:23,744 [INFO] rocky_extractor.pipeline: Extracting memory...
2026-05-20 12:18:02,147 [INFO] httpx: HTTP Request: POST http://127.0.0.1:11434/api/chat "HTTP/1.1 200 OK"
2026-05-20 12:18:02,151 [INFO] rocky_extractor.pipeline: Extracted 5 memory items.
2026-05-20 12:18:02,151 [INFO] rocky_extractor.pipeline: Extracting behavior...
2026-05-20 12:18:41,049 [INFO] httpx: HTTP Request: POST http://127.0.0.1:11434/api/chat "HTTP/1.1 200 OK"
2026-05-20 12:18:41,051 [INFO] rocky_extractor.pipeline: Extracted 6 behavior items.
2026-05-20 12:18:41,052 [INFO] rocky_extractor.pipeline: Extracting knowledge...
2026-05-20 12:19:14,810 [INFO] httpx: HTTP Request: POST http://127.0.0.1:11434/api/chat "HTTP/1.1 200 OK"
2026-05-20 12:19:14,813 [INFO] rocky_extractor.pipeline: Extracted 6 knowledge items.
2026-05-20 12:19:14,814 [INFO] rocky_extractor.pipeline: Extracting relationship...
2026-05-20 12:19:41,132 [INFO] httpx: HTTP Request: POST http://127.0.0.1:11434/api/chat "HTTP/1.1 200 OK"
2026-05-20 12:19:41,146 [INFO] rocky_extractor.pipeline: Extracted 3 relationship items.
2026-05-20 12:19:41,147 [INFO] rocky_extractor.pipeline: 
Processing c21_chunk4 (1091 words)...
2026-05-20 12:19:41,147 [INFO] rocky_extractor.pipeline: Extracting dialogue...
2026-05-20 12:20:13,641 [INFO] httpx: HTTP Request: POST http://127.0.0.1:11434/api/chat "HTTP/1.1 200 OK"
2026-05-20 12:20:13,645 [INFO] rocky_extractor.pipeline: Extracted 8 dialogue items.
2026-05-20 12:20:13,646 [INFO] rocky_extractor.pipeline: Extracting memory...
2026-05-20 12:21:02,035 [INFO] httpx: HTTP Request: POST http://127.0.0.1:11434/api/chat "HTTP/1.1 200 OK"
2026-05-20 12:21:02,038 [INFO] rocky_extractor.pipeline: Extracted 4 memory items.
2026-05-20 12:21:02,038 [INFO] rocky_extractor.pipeline: Extracting behavior...
2026-05-20 12:21:41,304 [INFO] httpx: HTTP Request: POST http://127.0.0.1:11434/api/chat "HTTP/1.1 200 OK"
2026-05-20 12:21:41,307 [INFO] rocky_extractor.pipeline: Extracted 2 behavior items.
2026-05-20 12:21:41,307 [INFO] rocky_extractor.pipeline: Extracting knowledge...
2026-05-20 12:22:12,940 [INFO] httpx: HTTP Request: POST http://127.0.0.1:11434/api/chat "HTTP/1.1 200 OK"
2026-05-20 12:22:12,943 [INFO] rocky_extractor.pipeline: Extracted 7 knowledge items.
2026-05-20 12:22:12,944 [INFO] rocky_extractor.pipeline: Extracting relationship...
2026-05-20 12:23:23,579 [INFO] httpx: HTTP Request: POST http://127.0.0.1:11434/api/chat "HTTP/1.1 200 OK"
2026-05-20 12:23:23,583 [INFO] rocky_extractor.pipeline: Extracted 1 relationship items.
2026-05-20 12:23:23,584 [INFO] rocky_extractor.pipeline: 
Processing c22_chunk1 (2031 words)...
2026-05-20 12:23:23,584 [INFO] rocky_extractor.pipeline: Extracting dialogue...
2026-05-20 12:25:01,792 [INFO] httpx: HTTP Request: POST http://127.0.0.1:11434/api/chat "HTTP/1.1 200 OK"
2026-05-20 12:25:01,796 [INFO] rocky_extractor.pipeline: Extracted 22 dialogue items.
2026-05-20 12:25:01,797 [INFO] rocky_extractor.pipeline: Extracting memory...
2026-05-20 12:25:37,887 [INFO] httpx: HTTP Request: POST http://127.0.0.1:11434/api/chat "HTTP/1.1 200 OK"
2026-05-20 12:25:37,891 [INFO] rocky_extractor.pipeline: Extracted 5 memory items.
2026-05-20 12:25:37,892 [INFO] rocky_extractor.pipeline: Extracting behavior...
2026-05-20 12:26:28,547 [INFO] httpx: HTTP Request: POST http://127.0.0.1:11434/api/chat "HTTP/1.1 200 OK"
2026-05-20 12:26:28,551 [INFO] rocky_extractor.pipeline: Extracted 5 behavior items.
2026-05-20 12:26:28,551 [INFO] rocky_extractor.pipeline: Extracting knowledge...
2026-05-20 12:27:09,620 [INFO] httpx: HTTP Request: POST http://127.0.0.1:11434/api/chat "HTTP/1.1 200 OK"
2026-05-20 12:27:09,632 [INFO] rocky_extractor.pipeline: Extracted 11 knowledge items.
2026-05-20 12:27:09,633 [INFO] rocky_extractor.pipeline: Extracting relationship...
2026-05-20 12:27:30,428 [INFO] httpx: HTTP Request: POST http://127.0.0.1:11434/api/chat "HTTP/1.1 200 OK"
2026-05-20 12:27:30,432 [INFO] rocky_extractor.pipeline: Extracted 3 relationship items.
2026-05-20 12:27:30,432 [INFO] rocky_extractor.pipeline: 
Processing c22_chunk2 (2006 words)...
2026-05-20 12:27:30,433 [INFO] rocky_extractor.pipeline: Extracting dialogue...
2026-05-20 12:29:23,270 [INFO] httpx: HTTP Request: POST http://127.0.0.1:11434/api/chat "HTTP/1.1 200 OK"
2026-05-20 12:29:23,276 [INFO] rocky_extractor.pipeline: Extracted 6 dialogue items.
2026-05-20 12:29:23,277 [INFO] rocky_extractor.pipeline: Extracting memory...
2026-05-20 12:30:11,238 [INFO] httpx: HTTP Request: POST http://127.0.0.1:11434/api/chat "HTTP/1.1 200 OK"
2026-05-20 12:30:11,243 [INFO] rocky_extractor.pipeline: Extracted 7 memory items.
2026-05-20 12:30:11,243 [INFO] rocky_extractor.pipeline: Extracting behavior...
2026-05-20 12:31:02,608 [INFO] httpx: HTTP Request: POST http://127.0.0.1:11434/api/chat "HTTP/1.1 200 OK"
2026-05-20 12:31:02,612 [INFO] rocky_extractor.pipeline: Extracted 10 behavior items.
2026-05-20 12:31:02,612 [INFO] rocky_extractor.pipeline: Extracting knowledge...
2026-05-20 12:31:46,453 [INFO] httpx: HTTP Request: POST http://127.0.0.1:11434/api/chat "HTTP/1.1 200 OK"
2026-05-20 12:31:46,457 [INFO] rocky_extractor.pipeline: Extracted 11 knowledge items.
2026-05-20 12:31:46,458 [INFO] rocky_extractor.pipeline: Extracting relationship...
2026-05-20 12:32:18,097 [INFO] httpx: HTTP Request: POST http://127.0.0.1:11434/api/chat "HTTP/1.1 200 OK"
2026-05-20 12:32:18,100 [INFO] rocky_extractor.pipeline: Extracted 4 relationship items.
2026-05-20 12:32:18,102 [INFO] rocky_extractor.pipeline: 
Processing c22_chunk3 (2009 words)...
2026-05-20 12:32:18,103 [INFO] rocky_extractor.pipeline: Extracting dialogue...
2026-05-20 12:33:28,817 [INFO] httpx: HTTP Request: POST http://127.0.0.1:11434/api/chat "HTTP/1.1 200 OK"
2026-05-20 12:33:28,821 [INFO] rocky_extractor.pipeline: Extracted 10 dialogue items.
2026-05-20 12:33:28,821 [INFO] rocky_extractor.pipeline: Extracting memory...
2026-05-20 12:34:01,185 [INFO] httpx: HTTP Request: POST http://127.0.0.1:11434/api/chat "HTTP/1.1 200 OK"
2026-05-20 12:34:01,188 [INFO] rocky_extractor.pipeline: Extracted 4 memory items.
2026-05-20 12:34:01,189 [INFO] rocky_extractor.pipeline: Extracting behavior...
2026-05-20 12:35:43,136 [INFO] httpx: HTTP Request: POST http://127.0.0.1:11434/api/chat "HTTP/1.1 200 OK"
2026-05-20 12:35:43,138 [INFO] rocky_extractor.pipeline: Extracted 2 behavior items.
2026-05-20 12:35:43,139 [INFO] rocky_extractor.pipeline: Extracting knowledge...
2026-05-20 12:36:40,105 [INFO] httpx: HTTP Request: POST http://127.0.0.1:11434/api/chat "HTTP/1.1 200 OK"
2026-05-20 12:36:40,109 [INFO] rocky_extractor.pipeline: Extracted 10 knowledge items.
2026-05-20 12:36:40,110 [INFO] rocky_extractor.pipeline: Extracting relationship...
2026-05-20 12:37:20,320 [INFO] httpx: HTTP Request: POST http://127.0.0.1:11434/api/chat "HTTP/1.1 200 OK"
2026-05-20 12:37:20,324 [INFO] rocky_extractor.pipeline: Extracted 2 relationship items.
2026-05-20 12:37:20,324 [INFO] rocky_extractor.pipeline: 
Processing c22_chunk4 (700 words)...
2026-05-20 12:37:20,325 [INFO] rocky_extractor.pipeline: Extracting dialogue...
2026-05-20 12:37:47,715 [INFO] httpx: HTTP Request: POST http://127.0.0.1:11434/api/chat "HTTP/1.1 200 OK"
2026-05-20 12:37:47,718 [INFO] rocky_extractor.pipeline: Extracted 6 dialogue items.
2026-05-20 12:37:47,718 [INFO] rocky_extractor.pipeline: Extracting memory...
2026-05-20 12:38:12,636 [INFO] httpx: HTTP Request: POST http://127.0.0.1:11434/api/chat "HTTP/1.1 200 OK"
2026-05-20 12:38:12,639 [INFO] rocky_extractor.pipeline: Extracted 3 memory items.
2026-05-20 12:38:12,640 [INFO] rocky_extractor.pipeline: Extracting behavior...
2026-05-20 12:38:31,727 [INFO] httpx: HTTP Request: POST http://127.0.0.1:11434/api/chat "HTTP/1.1 200 OK"
2026-05-20 12:38:31,729 [INFO] rocky_extractor.pipeline: Extracted 2 behavior items.
2026-05-20 12:38:31,729 [INFO] rocky_extractor.pipeline: Extracting knowledge...
2026-05-20 12:39:01,228 [INFO] httpx: HTTP Request: POST http://127.0.0.1:11434/api/chat "HTTP/1.1 200 OK"
2026-05-20 12:39:01,232 [INFO] rocky_extractor.pipeline: Extracted 4 knowledge items.
2026-05-20 12:39:01,233 [INFO] rocky_extractor.pipeline: Extracting relationship...
2026-05-20 12:39:15,258 [INFO] httpx: HTTP Request: POST http://127.0.0.1:11434/api/chat "HTTP/1.1 200 OK"
2026-05-20 12:39:15,271 [INFO] rocky_extractor.pipeline: Extracted 1 relationship items.
2026-05-20 12:39:15,272 [INFO] rocky_extractor.pipeline: 
Processing c23_chunk1 (2026 words)...
2026-05-20 12:39:15,272 [INFO] rocky_extractor.pipeline: Extracting dialogue...
2026-05-20 12:39:34,145 [INFO] httpx: HTTP Request: POST http://127.0.0.1:11434/api/chat "HTTP/1.1 200 OK"
2026-05-20 12:39:34,148 [INFO] rocky_extractor.pipeline: Extracting memory...
2026-05-20 12:39:59,965 [INFO] httpx: HTTP Request: POST http://127.0.0.1:11434/api/chat "HTTP/1.1 200 OK"
2026-05-20 12:39:59,969 [INFO] rocky_extractor.pipeline: Extracted 2 memory items.
2026-05-20 12:39:59,970 [INFO] rocky_extractor.pipeline: Extracting behavior...
2026-05-20 12:40:19,780 [INFO] httpx: HTTP Request: POST http://127.0.0.1:11434/api/chat "HTTP/1.1 200 OK"
2026-05-20 12:40:19,794 [INFO] rocky_extractor.pipeline: Extracted 2 behavior items.
2026-05-20 12:40:19,794 [INFO] rocky_extractor.pipeline: Extracting knowledge...
2026-05-20 12:40:43,016 [INFO] httpx: HTTP Request: POST http://127.0.0.1:11434/api/chat "HTTP/1.1 200 OK"
2026-05-20 12:40:43,020 [INFO] rocky_extractor.pipeline: Extracted 3 knowledge items.
2026-05-20 12:40:43,021 [INFO] rocky_extractor.pipeline: Extracting relationship...
2026-05-20 12:41:01,495 [INFO] httpx: HTTP Request: POST http://127.0.0.1:11434/api/chat "HTTP/1.1 200 OK"
2026-05-20 12:41:01,498 [INFO] rocky_extractor.pipeline: Extracted 1 relationship items.
2026-05-20 12:41:01,499 [INFO] rocky_extractor.pipeline: 
Processing c23_chunk2 (2020 words)...
2026-05-20 12:41:01,500 [INFO] rocky_extractor.pipeline: Extracting dialogue...
2026-05-20 12:41:45,309 [INFO] httpx: HTTP Request: POST http://127.0.0.1:11434/api/chat "HTTP/1.1 200 OK"
2026-05-20 12:41:45,312 [INFO] rocky_extractor.pipeline: Extracted 7 dialogue items.
2026-05-20 12:41:45,312 [INFO] rocky_extractor.pipeline: Extracting memory...
2026-05-20 12:42:32,038 [INFO] httpx: HTTP Request: POST http://127.0.0.1:11434/api/chat "HTTP/1.1 200 OK"
2026-05-20 12:42:32,042 [INFO] rocky_extractor.pipeline: Extracted 4 memory items.
2026-05-20 12:42:32,042 [INFO] rocky_extractor.pipeline: Extracting behavior...
2026-05-20 12:43:06,655 [INFO] httpx: HTTP Request: POST http://127.0.0.1:11434/api/chat "HTTP/1.1 200 OK"
2026-05-20 12:43:06,659 [INFO] rocky_extractor.pipeline: Extracted 5 behavior items.
2026-05-20 12:43:06,659 [INFO] rocky_extractor.pipeline: Extracting knowledge...
2026-05-20 12:43:39,270 [INFO] httpx: HTTP Request: POST http://127.0.0.1:11434/api/chat "HTTP/1.1 200 OK"
2026-05-20 12:43:39,274 [INFO] rocky_extractor.pipeline: Extracted 5 knowledge items.
2026-05-20 12:43:39,274 [INFO] rocky_extractor.pipeline: Extracting relationship...
2026-05-20 12:44:08,491 [INFO] httpx: HTTP Request: POST http://127.0.0.1:11434/api/chat "HTTP/1.1 200 OK"
2026-05-20 12:44:08,495 [INFO] rocky_extractor.pipeline: Extracted 2 relationship items.
2026-05-20 12:44:08,495 [INFO] rocky_extractor.pipeline: 
Processing c23_chunk3 (914 words)...
2026-05-20 12:44:08,495 [INFO] rocky_extractor.pipeline: Extracting dialogue...
2026-05-20 12:44:16,178 [INFO] httpx: HTTP Request: POST http://127.0.0.1:11434/api/chat "HTTP/1.1 200 OK"
2026-05-20 12:44:16,190 [INFO] rocky_extractor.pipeline: Extracting memory...
2026-05-20 12:44:22,706 [INFO] httpx: HTTP Request: POST http://127.0.0.1:11434/api/chat "HTTP/1.1 200 OK"
2026-05-20 12:44:22,709 [INFO] rocky_extractor.pipeline: Extracting behavior...
2026-05-20 12:44:28,239 [INFO] httpx: HTTP Request: POST http://127.0.0.1:11434/api/chat "HTTP/1.1 200 OK"
2026-05-20 12:44:28,243 [INFO] rocky_extractor.pipeline: Extracting knowledge...
2026-05-20 12:44:36,423 [INFO] httpx: HTTP Request: POST http://127.0.0.1:11434/api/chat "HTTP/1.1 200 OK"
2026-05-20 12:44:36,425 [INFO] rocky_extractor.pipeline: Extracting relationship...
2026-05-20 12:44:52,176 [INFO] httpx: HTTP Request: POST http://127.0.0.1:11434/api/chat "HTTP/1.1 200 OK"
2026-05-20 12:44:52,179 [INFO] rocky_extractor.pipeline: Extracted 1 relationship items.
2026-05-20 12:44:52,181 [INFO] rocky_extractor.pipeline: 
Processing c24_chunk1 (2077 words)...
2026-05-20 12:44:52,181 [INFO] rocky_extractor.pipeline: Extracting dialogue...
2026-05-20 12:46:49,309 [INFO] httpx: HTTP Request: POST http://127.0.0.1:11434/api/chat "HTTP/1.1 200 OK"
2026-05-20 12:46:49,313 [INFO] rocky_extractor.pipeline: Extracted 18 dialogue items.
2026-05-20 12:46:49,314 [INFO] rocky_extractor.pipeline: Extracting memory...
2026-05-20 12:47:23,532 [INFO] httpx: HTTP Request: POST http://127.0.0.1:11434/api/chat "HTTP/1.1 200 OK"
2026-05-20 12:47:23,536 [INFO] rocky_extractor.pipeline: Extracted 3 memory items.
2026-05-20 12:47:23,536 [INFO] rocky_extractor.pipeline: Extracting behavior...
2026-05-20 12:48:06,862 [INFO] httpx: HTTP Request: POST http://127.0.0.1:11434/api/chat "HTTP/1.1 200 OK"
2026-05-20 12:48:06,866 [INFO] rocky_extractor.pipeline: Extracted 12 behavior items.
2026-05-20 12:48:06,866 [INFO] rocky_extractor.pipeline: Extracting knowledge...
2026-05-20 12:48:39,797 [INFO] httpx: HTTP Request: POST http://127.0.0.1:11434/api/chat "HTTP/1.1 200 OK"
2026-05-20 12:48:39,801 [INFO] rocky_extractor.pipeline: Extracted 5 knowledge items.
2026-05-20 12:48:39,802 [INFO] rocky_extractor.pipeline: Extracting relationship...
2026-05-20 12:48:59,714 [INFO] httpx: HTTP Request: POST http://127.0.0.1:11434/api/chat "HTTP/1.1 200 OK"
2026-05-20 12:48:59,718 [INFO] rocky_extractor.pipeline: Extracted 2 relationship items.
2026-05-20 12:48:59,719 [INFO] rocky_extractor.pipeline: 
Processing c24_chunk2 (2009 words)...
2026-05-20 12:48:59,719 [INFO] rocky_extractor.pipeline: Extracting dialogue...
2026-05-20 12:50:18,995 [INFO] httpx: HTTP Request: POST http://127.0.0.1:11434/api/chat "HTTP/1.1 200 OK"
2026-05-20 12:50:18,998 [INFO] rocky_extractor.pipeline: Extracted 13 dialogue items.
2026-05-20 12:50:18,999 [INFO] rocky_extractor.pipeline: Extracting memory...
2026-05-20 12:50:56,026 [INFO] httpx: HTTP Request: POST http://127.0.0.1:11434/api/chat "HTTP/1.1 200 OK"
2026-05-20 12:50:56,028 [INFO] rocky_extractor.pipeline: Extracted 6 memory items.
2026-05-20 12:50:56,029 [INFO] rocky_extractor.pipeline: Extracting behavior...
2026-05-20 12:51:30,852 [INFO] httpx: HTTP Request: POST http://127.0.0.1:11434/api/chat "HTTP/1.1 200 OK"
2026-05-20 12:51:30,855 [INFO] rocky_extractor.pipeline: Extracted 9 behavior items.
2026-05-20 12:51:30,856 [INFO] rocky_extractor.pipeline: Extracting knowledge...
2026-05-20 12:52:07,324 [INFO] httpx: HTTP Request: POST http://127.0.0.1:11434/api/chat "HTTP/1.1 200 OK"
2026-05-20 12:52:07,328 [INFO] rocky_extractor.pipeline: Extracted 10 knowledge items.
2026-05-20 12:52:07,328 [INFO] rocky_extractor.pipeline: Extracting relationship...
2026-05-20 12:52:28,629 [INFO] httpx: HTTP Request: POST http://127.0.0.1:11434/api/chat "HTTP/1.1 200 OK"
2026-05-20 12:52:28,640 [INFO] rocky_extractor.pipeline: Extracted 1 relationship items.
2026-05-20 12:52:28,641 [INFO] rocky_extractor.pipeline: 
Processing c24_chunk3 (448 words)...
2026-05-20 12:52:28,641 [INFO] rocky_extractor.pipeline: Extracting dialogue...
2026-05-20 12:54:42,535 [INFO] httpx: HTTP Request: POST http://127.0.0.1:11434/api/chat "HTTP/1.1 200 OK"
2026-05-20 12:54:42,539 [INFO] rocky_extractor.pipeline: Extracted 18 dialogue items.
2026-05-20 12:54:42,540 [INFO] rocky_extractor.pipeline: Extracting memory...
2026-05-20 12:55:09,207 [INFO] httpx: HTTP Request: POST http://127.0.0.1:11434/api/chat "HTTP/1.1 200 OK"
2026-05-20 12:55:09,210 [INFO] rocky_extractor.pipeline: Extracted 4 memory items.
2026-05-20 12:55:09,211 [INFO] rocky_extractor.pipeline: Extracting behavior...
2026-05-20 12:55:35,884 [INFO] httpx: HTTP Request: POST http://127.0.0.1:11434/api/chat "HTTP/1.1 200 OK"
2026-05-20 12:55:35,887 [INFO] rocky_extractor.pipeline: Extracted 5 behavior items.
2026-05-20 12:55:35,887 [INFO] rocky_extractor.pipeline: Extracting knowledge...
2026-05-20 12:56:00,207 [INFO] httpx: HTTP Request: POST http://127.0.0.1:11434/api/chat "HTTP/1.1 200 OK"
2026-05-20 12:56:00,219 [INFO] rocky_extractor.pipeline: Extracted 8 knowledge items.
2026-05-20 12:56:00,220 [INFO] rocky_extractor.pipeline: Extracting relationship...
2026-05-20 12:56:18,022 [INFO] httpx: HTTP Request: POST http://127.0.0.1:11434/api/chat "HTTP/1.1 200 OK"
2026-05-20 12:56:18,026 [INFO] rocky_extractor.pipeline: Extracted 1 relationship items.
2026-05-20 12:56:18,027 [INFO] rocky_extractor.pipeline: 
Processing c25_chunk1 (2015 words)...
2026-05-20 12:56:18,027 [INFO] rocky_extractor.pipeline: Extracting dialogue...
2026-05-20 12:57:21,241 [INFO] httpx: HTTP Request: POST http://127.0.0.1:11434/api/chat "HTTP/1.1 200 OK"
2026-05-20 12:57:21,245 [INFO] rocky_extractor.pipeline: Extracted 15 dialogue items.
2026-05-20 12:57:21,245 [INFO] rocky_extractor.pipeline: Extracting memory...
2026-05-20 12:57:59,750 [INFO] httpx: HTTP Request: POST http://127.0.0.1:11434/api/chat "HTTP/1.1 200 OK"
2026-05-20 12:57:59,753 [INFO] rocky_extractor.pipeline: Extracted 6 memory items.
2026-05-20 12:57:59,753 [INFO] rocky_extractor.pipeline: Extracting behavior...
2026-05-20 12:58:29,910 [INFO] httpx: HTTP Request: POST http://127.0.0.1:11434/api/chat "HTTP/1.1 200 OK"
2026-05-20 12:58:29,922 [INFO] rocky_extractor.pipeline: Extracted 5 behavior items.
2026-05-20 12:58:29,922 [INFO] rocky_extractor.pipeline: Extracting knowledge...
2026-05-20 12:59:10,590 [INFO] httpx: HTTP Request: POST http://127.0.0.1:11434/api/chat "HTTP/1.1 200 OK"
2026-05-20 12:59:10,593 [INFO] rocky_extractor.pipeline: Extracted 11 knowledge items.
2026-05-20 12:59:10,593 [INFO] rocky_extractor.pipeline: Extracting relationship...
2026-05-20 12:59:31,720 [INFO] httpx: HTTP Request: POST http://127.0.0.1:11434/api/chat "HTTP/1.1 200 OK"
2026-05-20 12:59:31,723 [INFO] rocky_extractor.pipeline: Extracted 1 relationship items.
2026-05-20 12:59:31,724 [INFO] rocky_extractor.pipeline: 
Processing c25_chunk2 (2012 words)...
2026-05-20 12:59:31,725 [INFO] rocky_extractor.pipeline: Extracting dialogue...
2026-05-20 13:00:25,505 [INFO] httpx: HTTP Request: POST http://127.0.0.1:11434/api/chat "HTTP/1.1 200 OK"
2026-05-20 13:00:25,509 [INFO] rocky_extractor.pipeline: Extracted 12 dialogue items.
2026-05-20 13:00:25,510 [INFO] rocky_extractor.pipeline: Extracting memory...
2026-05-20 13:01:01,668 [INFO] httpx: HTTP Request: POST http://127.0.0.1:11434/api/chat "HTTP/1.1 200 OK"
2026-05-20 13:01:01,680 [INFO] rocky_extractor.pipeline: Extracted 5 memory items.
2026-05-20 13:01:01,681 [INFO] rocky_extractor.pipeline: Extracting behavior...
2026-05-20 13:01:44,313 [INFO] httpx: HTTP Request: POST http://127.0.0.1:11434/api/chat "HTTP/1.1 200 OK"
2026-05-20 13:01:44,317 [INFO] rocky_extractor.pipeline: Extracted 3 behavior items.
2026-05-20 13:01:44,317 [INFO] rocky_extractor.pipeline: Extracting knowledge...
2026-05-20 13:02:34,398 [INFO] httpx: HTTP Request: POST http://127.0.0.1:11434/api/chat "HTTP/1.1 200 OK"
2026-05-20 13:02:34,402 [INFO] rocky_extractor.pipeline: Extracted 14 knowledge items.
2026-05-20 13:02:34,402 [INFO] rocky_extractor.pipeline: Extracting relationship...
2026-05-20 13:03:04,705 [INFO] httpx: HTTP Request: POST http://127.0.0.1:11434/api/chat "HTTP/1.1 200 OK"
2026-05-20 13:03:04,709 [INFO] rocky_extractor.pipeline: Extracted 3 relationship items.
2026-05-20 13:03:04,710 [INFO] rocky_extractor.pipeline: 
Processing c25_chunk3 (2007 words)...
2026-05-20 13:03:04,710 [INFO] rocky_extractor.pipeline: Extracting dialogue...
2026-05-20 13:05:04,206 [INFO] httpx: HTTP Request: POST http://127.0.0.1:11434/api/chat "HTTP/1.1 200 OK"
2026-05-20 13:05:04,210 [INFO] rocky_extractor.pipeline: Extracted 13 dialogue items.
2026-05-20 13:05:04,210 [INFO] rocky_extractor.pipeline: Extracting memory...
2026-05-20 13:05:42,153 [INFO] httpx: HTTP Request: POST http://127.0.0.1:11434/api/chat "HTTP/1.1 200 OK"
2026-05-20 13:05:42,156 [INFO] rocky_extractor.pipeline: Extracted 5 memory items.
2026-05-20 13:05:42,157 [INFO] rocky_extractor.pipeline: Extracting behavior...
2026-05-20 13:06:16,711 [INFO] httpx: HTTP Request: POST http://127.0.0.1:11434/api/chat "HTTP/1.1 200 OK"
2026-05-20 13:06:16,713 [INFO] rocky_extractor.pipeline: Extracted 8 behavior items.
2026-05-20 13:06:16,714 [INFO] rocky_extractor.pipeline: Extracting knowledge...
2026-05-20 13:06:51,790 [INFO] httpx: HTTP Request: POST http://127.0.0.1:11434/api/chat "HTTP/1.1 200 OK"
2026-05-20 13:06:51,794 [INFO] rocky_extractor.pipeline: Extracted 8 knowledge items.
2026-05-20 13:06:51,795 [INFO] rocky_extractor.pipeline: Extracting relationship...
2026-05-20 13:07:14,025 [INFO] httpx: HTTP Request: POST http://127.0.0.1:11434/api/chat "HTTP/1.1 200 OK"
2026-05-20 13:07:14,029 [INFO] rocky_extractor.pipeline: Extracted 2 relationship items.
2026-05-20 13:07:14,030 [INFO] rocky_extractor.pipeline: 
Processing c25_chunk4 (877 words)...
2026-05-20 13:07:14,030 [INFO] rocky_extractor.pipeline: Extracting dialogue...
2026-05-20 13:08:17,682 [INFO] httpx: HTTP Request: POST http://127.0.0.1:11434/api/chat "HTTP/1.1 200 OK"
2026-05-20 13:08:17,686 [INFO] rocky_extractor.pipeline: Extracted 18 dialogue items.
2026-05-20 13:08:17,687 [INFO] rocky_extractor.pipeline: Extracting memory...
2026-05-20 13:08:53,177 [INFO] httpx: HTTP Request: POST http://127.0.0.1:11434/api/chat "HTTP/1.1 200 OK"
2026-05-20 13:08:53,181 [INFO] rocky_extractor.pipeline: Extracted 6 memory items.
2026-05-20 13:08:53,181 [INFO] rocky_extractor.pipeline: Extracting behavior...
2026-05-20 13:09:22,503 [INFO] httpx: HTTP Request: POST http://127.0.0.1:11434/api/chat "HTTP/1.1 200 OK"
2026-05-20 13:09:22,515 [INFO] rocky_extractor.pipeline: Extracted 8 behavior items.
2026-05-20 13:09:22,516 [INFO] rocky_extractor.pipeline: Extracting knowledge...
2026-05-20 13:09:46,915 [INFO] httpx: HTTP Request: POST http://127.0.0.1:11434/api/chat "HTTP/1.1 200 OK"
2026-05-20 13:09:46,919 [INFO] rocky_extractor.pipeline: Extracted 6 knowledge items.
2026-05-20 13:09:46,919 [INFO] rocky_extractor.pipeline: Extracting relationship...
2026-05-20 13:10:00,842 [INFO] httpx: HTTP Request: POST http://127.0.0.1:11434/api/chat "HTTP/1.1 200 OK"
2026-05-20 13:10:00,845 [INFO] rocky_extractor.pipeline: Extracted 1 relationship items.
2026-05-20 13:10:00,846 [INFO] rocky_extractor.pipeline: 
Processing c26_chunk1 (2087 words)...
2026-05-20 13:10:00,847 [INFO] rocky_extractor.pipeline: Extracting dialogue...
2026-05-20 13:10:12,768 [INFO] httpx: HTTP Request: POST http://127.0.0.1:11434/api/chat "HTTP/1.1 200 OK"
2026-05-20 13:10:12,772 [INFO] rocky_extractor.pipeline: Extracting memory...
2026-05-20 13:10:52,699 [INFO] httpx: HTTP Request: POST http://127.0.0.1:11434/api/chat "HTTP/1.1 200 OK"
2026-05-20 13:10:52,703 [INFO] rocky_extractor.pipeline: Extracting behavior...
2026-05-20 13:11:08,018 [INFO] httpx: HTTP Request: POST http://127.0.0.1:11434/api/chat "HTTP/1.1 200 OK"
2026-05-20 13:11:08,021 [INFO] rocky_extractor.pipeline: Extracting knowledge...
2026-05-20 13:11:33,734 [INFO] httpx: HTTP Request: POST http://127.0.0.1:11434/api/chat "HTTP/1.1 200 OK"
2026-05-20 13:11:33,738 [INFO] rocky_extractor.pipeline: Extracting relationship...
2026-05-20 13:11:43,736 [INFO] httpx: HTTP Request: POST http://127.0.0.1:11434/api/chat "HTTP/1.1 200 OK"
2026-05-20 13:11:43,740 [INFO] rocky_extractor.pipeline: 
Processing c26_chunk2 (1519 words)...
2026-05-20 13:11:43,740 [INFO] rocky_extractor.pipeline: Extracting dialogue...
2026-05-20 13:12:01,571 [INFO] httpx: HTTP Request: POST http://127.0.0.1:11434/api/chat "HTTP/1.1 200 OK"
2026-05-20 13:12:01,575 [INFO] rocky_extractor.pipeline: Extracting memory...
2026-05-20 13:12:33,986 [INFO] httpx: HTTP Request: POST http://127.0.0.1:11434/api/chat "HTTP/1.1 200 OK"
2026-05-20 13:12:33,998 [INFO] rocky_extractor.pipeline: Extracted 3 memory items.
2026-05-20 13:12:33,999 [INFO] rocky_extractor.pipeline: Extracting behavior...
2026-05-20 13:12:46,959 [INFO] httpx: HTTP Request: POST http://127.0.0.1:11434/api/chat "HTTP/1.1 200 OK"
2026-05-20 13:12:46,970 [INFO] rocky_extractor.pipeline: Extracting knowledge...
2026-05-20 13:13:28,093 [INFO] httpx: HTTP Request: POST http://127.0.0.1:11434/api/chat "HTTP/1.1 200 OK"
2026-05-20 13:13:28,098 [INFO] rocky_extractor.pipeline: Extracted 10 knowledge items.
2026-05-20 13:13:28,098 [INFO] rocky_extractor.pipeline: Extracting relationship...
2026-05-20 13:13:43,600 [INFO] httpx: HTTP Request: POST http://127.0.0.1:11434/api/chat "HTTP/1.1 200 OK"
2026-05-20 13:13:43,604 [INFO] rocky_extractor.pipeline: Extracted 1 relationship items.
2026-05-20 13:13:43,605 [INFO] rocky_extractor.pipeline: 
Processing c27_chunk1 (1589 words)...
2026-05-20 13:13:43,605 [INFO] rocky_extractor.pipeline: Extracting dialogue...
2026-05-20 13:13:56,538 [INFO] httpx: HTTP Request: POST http://127.0.0.1:11434/api/chat "HTTP/1.1 200 OK"
2026-05-20 13:13:56,549 [INFO] rocky_extractor.pipeline: Extracting memory...
2026-05-20 13:14:20,631 [INFO] httpx: HTTP Request: POST http://127.0.0.1:11434/api/chat "HTTP/1.1 200 OK"
2026-05-20 13:14:20,635 [INFO] rocky_extractor.pipeline: Extracting behavior...
2026-05-20 13:14:31,188 [INFO] httpx: HTTP Request: POST http://127.0.0.1:11434/api/chat "HTTP/1.1 200 OK"
2026-05-20 13:14:31,192 [INFO] rocky_extractor.pipeline: Extracting knowledge...
2026-05-20 13:15:24,368 [INFO] httpx: HTTP Request: POST http://127.0.0.1:11434/api/chat "HTTP/1.1 200 OK"
2026-05-20 13:15:24,372 [INFO] rocky_extractor.pipeline: Extracted 8 knowledge items.
2026-05-20 13:15:24,372 [INFO] rocky_extractor.pipeline: Extracting relationship...
2026-05-20 13:15:45,349 [INFO] httpx: HTTP Request: POST http://127.0.0.1:11434/api/chat "HTTP/1.1 200 OK"
2026-05-20 13:15:45,353 [INFO] rocky_extractor.pipeline: Extracted 1 relationship items.
2026-05-20 13:15:45,354 [INFO] rocky_extractor.pipeline: 
Processing c28_chunk1 (2011 words)...
2026-05-20 13:15:45,355 [INFO] rocky_extractor.pipeline: Extracting dialogue...
2026-05-20 13:16:02,314 [INFO] httpx: HTTP Request: POST http://127.0.0.1:11434/api/chat "HTTP/1.1 200 OK"
2026-05-20 13:16:02,318 [INFO] rocky_extractor.pipeline: Extracting memory...
2026-05-20 13:16:31,574 [INFO] httpx: HTTP Request: POST http://127.0.0.1:11434/api/chat "HTTP/1.1 200 OK"
2026-05-20 13:16:31,577 [INFO] rocky_extractor.pipeline: Extracted 3 memory items.
2026-05-20 13:16:31,578 [INFO] rocky_extractor.pipeline: Extracting behavior...
2026-05-20 13:16:47,891 [INFO] httpx: HTTP Request: POST http://127.0.0.1:11434/api/chat "HTTP/1.1 200 OK"
2026-05-20 13:16:47,902 [INFO] rocky_extractor.pipeline: Extracting knowledge...
2026-05-20 13:17:38,317 [INFO] httpx: HTTP Request: POST http://127.0.0.1:11434/api/chat "HTTP/1.1 200 OK"
2026-05-20 13:17:38,321 [INFO] rocky_extractor.pipeline: Extracted 7 knowledge items.
2026-05-20 13:17:38,321 [INFO] rocky_extractor.pipeline: Extracting relationship...
2026-05-20 13:17:55,728 [INFO] httpx: HTTP Request: POST http://127.0.0.1:11434/api/chat "HTTP/1.1 200 OK"
2026-05-20 13:17:55,731 [INFO] rocky_extractor.pipeline: Extracted 1 relationship items.
2026-05-20 13:17:55,732 [INFO] rocky_extractor.pipeline: 
Processing c28_chunk2 (1205 words)...
2026-05-20 13:17:55,732 [INFO] rocky_extractor.pipeline: Extracting dialogue...
2026-05-20 13:18:18,832 [INFO] httpx: HTTP Request: POST http://127.0.0.1:11434/api/chat "HTTP/1.1 200 OK"
2026-05-20 13:18:18,836 [INFO] rocky_extractor.pipeline: Extracting memory...
2026-05-20 13:18:45,058 [INFO] httpx: HTTP Request: POST http://127.0.0.1:11434/api/chat "HTTP/1.1 200 OK"
2026-05-20 13:18:45,062 [INFO] rocky_extractor.pipeline: Extracted 3 memory items.
2026-05-20 13:18:45,062 [INFO] rocky_extractor.pipeline: Extracting behavior...
2026-05-20 13:18:56,490 [INFO] httpx: HTTP Request: POST http://127.0.0.1:11434/api/chat "HTTP/1.1 200 OK"
2026-05-20 13:18:56,493 [INFO] rocky_extractor.pipeline: Extracting knowledge...
2026-05-20 13:19:31,458 [INFO] httpx: HTTP Request: POST http://127.0.0.1:11434/api/chat "HTTP/1.1 200 OK"
2026-05-20 13:19:31,462 [INFO] rocky_extractor.pipeline: Extracted 8 knowledge items.
2026-05-20 13:19:31,462 [INFO] rocky_extractor.pipeline: Extracting relationship...
2026-05-20 13:19:52,310 [INFO] httpx: HTTP Request: POST http://127.0.0.1:11434/api/chat "HTTP/1.1 200 OK"
2026-05-20 13:19:52,314 [INFO] rocky_extractor.pipeline: Extracted 1 relationship items.
2026-05-20 13:19:52,315 [INFO] rocky_extractor.pipeline: 
Processing c29_chunk1 (2007 words)...
2026-05-20 13:19:52,315 [INFO] rocky_extractor.pipeline: Extracting dialogue...
2026-05-20 13:20:10,814 [INFO] httpx: HTTP Request: POST http://127.0.0.1:11434/api/chat "HTTP/1.1 200 OK"
2026-05-20 13:20:10,818 [INFO] rocky_extractor.pipeline: Extracting memory...
2026-05-20 13:20:45,059 [INFO] httpx: HTTP Request: POST http://127.0.0.1:11434/api/chat "HTTP/1.1 200 OK"
2026-05-20 13:20:45,063 [INFO] rocky_extractor.pipeline: Extracted 4 memory items.
2026-05-20 13:20:45,063 [INFO] rocky_extractor.pipeline: Extracting behavior...
2026-05-20 13:21:08,517 [INFO] httpx: HTTP Request: POST http://127.0.0.1:11434/api/chat "HTTP/1.1 200 OK"
2026-05-20 13:21:08,521 [INFO] rocky_extractor.pipeline: Extracted 2 behavior items.
2026-05-20 13:21:08,521 [INFO] rocky_extractor.pipeline: Extracting knowledge...
2026-05-20 13:21:51,132 [INFO] httpx: HTTP Request: POST http://127.0.0.1:11434/api/chat "HTTP/1.1 200 OK"
2026-05-20 13:21:51,136 [INFO] rocky_extractor.pipeline: Extracted 10 knowledge items.
2026-05-20 13:21:51,136 [INFO] rocky_extractor.pipeline: Extracting relationship...
2026-05-20 13:22:05,224 [INFO] httpx: HTTP Request: POST http://127.0.0.1:11434/api/chat "HTTP/1.1 200 OK"
2026-05-20 13:22:05,228 [INFO] rocky_extractor.pipeline: 
Processing c29_chunk2 (2019 words)...
2026-05-20 13:22:05,229 [INFO] rocky_extractor.pipeline: Extracting dialogue...
2026-05-20 13:22:30,838 [INFO] httpx: HTTP Request: POST http://127.0.0.1:11434/api/chat "HTTP/1.1 200 OK"
2026-05-20 13:22:30,849 [INFO] rocky_extractor.pipeline: Extracting memory...
2026-05-20 13:23:06,733 [INFO] httpx: HTTP Request: POST http://127.0.0.1:11434/api/chat "HTTP/1.1 200 OK"
2026-05-20 13:23:06,737 [INFO] rocky_extractor.pipeline: Extracted 3 memory items.
2026-05-20 13:23:06,737 [INFO] rocky_extractor.pipeline: Extracting behavior...
2026-05-20 13:23:24,556 [INFO] httpx: HTTP Request: POST http://127.0.0.1:11434/api/chat "HTTP/1.1 200 OK"
2026-05-20 13:23:24,559 [INFO] rocky_extractor.pipeline: Extracting knowledge...
2026-05-20 13:24:34,878 [INFO] httpx: HTTP Request: POST http://127.0.0.1:11434/api/chat "HTTP/1.1 200 OK"
2026-05-20 13:24:34,882 [INFO] rocky_extractor.pipeline: Extracted 2 knowledge items.
2026-05-20 13:24:34,882 [INFO] rocky_extractor.pipeline: Extracting relationship...
2026-05-20 13:24:54,765 [INFO] httpx: HTTP Request: POST http://127.0.0.1:11434/api/chat "HTTP/1.1 200 OK"
2026-05-20 13:24:54,769 [INFO] rocky_extractor.pipeline: Extracted 1 relationship items.
2026-05-20 13:24:54,769 [INFO] rocky_extractor.pipeline: 
Processing c29_chunk3 (2000 words)...
2026-05-20 13:24:54,769 [INFO] rocky_extractor.pipeline: Extracting dialogue...
2026-05-20 13:27:06,979 [INFO] httpx: HTTP Request: POST http://127.0.0.1:11434/api/chat "HTTP/1.1 200 OK"
2026-05-20 13:27:06,992 [INFO] rocky_extractor.pipeline: Extracted 17 dialogue items.
2026-05-20 13:27:06,993 [INFO] rocky_extractor.pipeline: Extracting memory...
2026-05-20 13:28:01,175 [INFO] httpx: HTTP Request: POST http://127.0.0.1:11434/api/chat "HTTP/1.1 200 OK"
2026-05-20 13:28:01,188 [INFO] rocky_extractor.pipeline: Extracted 10 memory items.
2026-05-20 13:28:01,188 [INFO] rocky_extractor.pipeline: Extracting behavior...
2026-05-20 13:28:29,058 [INFO] httpx: HTTP Request: POST http://127.0.0.1:11434/api/chat "HTTP/1.1 200 OK"
2026-05-20 13:28:29,063 [INFO] rocky_extractor.pipeline: Extracted 5 behavior items.
2026-05-20 13:28:29,063 [INFO] rocky_extractor.pipeline: Extracting knowledge...
2026-05-20 13:29:31,759 [INFO] httpx: HTTP Request: POST http://127.0.0.1:11434/api/chat "HTTP/1.1 200 OK"
2026-05-20 13:29:31,762 [INFO] rocky_extractor.pipeline: Extracted 5 knowledge items.
2026-05-20 13:29:31,763 [INFO] rocky_extractor.pipeline: Extracting relationship...
2026-05-20 13:29:48,503 [INFO] httpx: HTTP Request: POST http://127.0.0.1:11434/api/chat "HTTP/1.1 200 OK"
2026-05-20 13:29:48,507 [INFO] rocky_extractor.pipeline: Extracted 1 relationship items.
2026-05-20 13:29:48,507 [INFO] rocky_extractor.pipeline: 
Processing c29_chunk4 (414 words)...
2026-05-20 13:29:48,507 [INFO] rocky_extractor.pipeline: Extracting dialogue...
2026-05-20 13:30:32,021 [INFO] httpx: HTTP Request: POST http://127.0.0.1:11434/api/chat "HTTP/1.1 200 OK"
2026-05-20 13:30:32,025 [INFO] rocky_extractor.pipeline: Extracted 10 dialogue items.
2026-05-20 13:30:32,026 [INFO] rocky_extractor.pipeline: Extracting memory...
2026-05-20 13:30:46,472 [INFO] httpx: HTTP Request: POST http://127.0.0.1:11434/api/chat "HTTP/1.1 200 OK"
2026-05-20 13:30:46,476 [INFO] rocky_extractor.pipeline: Extracted 1 memory items.
2026-05-20 13:30:46,476 [INFO] rocky_extractor.pipeline: Extracting behavior...
2026-05-20 13:31:20,189 [INFO] httpx: HTTP Request: POST http://127.0.0.1:11434/api/chat "HTTP/1.1 200 OK"
2026-05-20 13:31:20,193 [INFO] rocky_extractor.pipeline: Extracted 5 behavior items.
2026-05-20 13:31:20,193 [INFO] rocky_extractor.pipeline: Extracting knowledge...
2026-05-20 13:31:45,854 [INFO] httpx: HTTP Request: POST http://127.0.0.1:11434/api/chat "HTTP/1.1 200 OK"
2026-05-20 13:31:45,858 [INFO] rocky_extractor.pipeline: Extracted 4 knowledge items.
2026-05-20 13:31:45,859 [INFO] rocky_extractor.pipeline: Extracting relationship...
2026-05-20 13:31:58,937 [INFO] httpx: HTTP Request: POST http://127.0.0.1:11434/api/chat "HTTP/1.1 200 OK"
2026-05-20 13:31:58,940 [INFO] rocky_extractor.pipeline: Extracted 1 relationship items.
2026-05-20 13:31:58,941 [INFO] rocky_extractor.pipeline: 
Processing c30_chunk1 (1969 words)...
2026-05-20 13:31:58,942 [INFO] rocky_extractor.pipeline: Extracting dialogue...
2026-05-20 13:32:38,442 [INFO] httpx: HTTP Request: POST http://127.0.0.1:11434/api/chat "HTTP/1.1 200 OK"
2026-05-20 13:32:38,454 [INFO] rocky_extractor.pipeline: Extracted 8 dialogue items.
2026-05-20 13:32:38,454 [INFO] rocky_extractor.pipeline: Extracting memory...
2026-05-20 13:33:11,183 [INFO] httpx: HTTP Request: POST http://127.0.0.1:11434/api/chat "HTTP/1.1 200 OK"
2026-05-20 13:33:11,187 [INFO] rocky_extractor.pipeline: Extracted 3 memory items.
2026-05-20 13:33:11,188 [INFO] rocky_extractor.pipeline: Extracting behavior...
2026-05-20 13:33:32,891 [INFO] httpx: HTTP Request: POST http://127.0.0.1:11434/api/chat "HTTP/1.1 200 OK"
2026-05-20 13:33:32,895 [INFO] rocky_extractor.pipeline: Extracted 4 behavior items.
2026-05-20 13:33:32,895 [INFO] rocky_extractor.pipeline: Extracting knowledge...
2026-05-20 13:34:12,914 [INFO] httpx: HTTP Request: POST http://127.0.0.1:11434/api/chat "HTTP/1.1 200 OK"
2026-05-20 13:34:12,918 [INFO] rocky_extractor.pipeline: Extracted 10 knowledge items.
2026-05-20 13:34:12,919 [INFO] rocky_extractor.pipeline: Extracting relationship...
2026-05-20 13:34:27,079 [INFO] httpx: HTTP Request: POST http://127.0.0.1:11434/api/chat "HTTP/1.1 200 OK"
2026-05-20 13:34:27,083 [INFO] rocky_extractor.pipeline: Extracted 1 relationship items.
2026-05-20 13:34:27,084 [INFO] rocky_extractor.pipeline: 
==================================================
2026-05-20 13:34:27,084 [INFO] rocky_extractor.pipeline: EXTRACTION PIPELINE COMPLETED
2026-05-20 13:34:27,084 [INFO] rocky_extractor.pipeline: ==================================================
2026-05-20 13:34:27,084 [INFO] rocky_extractor.pipeline: Total chunks processed: 93
2026-05-20 13:34:27,084 [INFO] rocky_extractor.pipeline: Total chunks skipped (already processed): 2
2026-05-20 13:34:27,084 [INFO] rocky_extractor.pipeline: Output directory: output_datasets
2026-05-20 13:34:27,084 [INFO] rocky_extractor.pipeline: --------------------------------------------------
2026-05-20 13:34:27,084 [INFO] rocky_extractor.pipeline: Rocky Dialogues Extracted:      421
2026-05-20 13:34:27,085 [INFO] rocky_extractor.pipeline: Rocky Memories/Incidents:      312
2026-05-20 13:34:27,085 [INFO] rocky_extractor.pipeline: Rocky Behaviors Extracted:     264
2026-05-20 13:34:27,085 [INFO] rocky_extractor.pipeline: Rocky Knowledge Points:        609
2026-05-20 13:34:27,085 [INFO] rocky_extractor.pipeline: Rocky-Grace Relationships:     100
2026-05-20 13:34:27,085 [INFO] rocky_extractor.pipeline: ==================================================
